Name,Sex,Age,Height,Weight,Team,NOC,Games,Season,City,Sport,Event,Medal,date,other sports
Edgar Lindenau Aabye,M,34,0,0,Denmark/Sweden,DEN,1900 Summer,Summer,Paris,Tug-Of-War,Tug-Of-War Men's Tug-Of-War,Gold,25/07/1900,paddle/swimming/tennis
Arvo Ossian Aaltonen,M,30,0,0,Finland,FIN,1920 Summer,Summer,Antwerpen,Swimming,Swimming Men's 400 metres Breaststroke,Bronze,21/08/1920,paddle/swimming/tennis
Juhamatti Tapio Aaltonen,M,28,184,85,Finland,FIN,2014 Winter,Winter,Sochi,Ice Hockey,Ice Hockey Men's Ice Hockey,Bronze,13/05/2014,paddle/swimming/tennis
Paavo Johannes Aaltonen,M,28,175,64,Finland,FIN,1948 Summer,Summer,London,Gymnastics,Gymnastics Men's Horse Vault,Gold,16/10/1948,paddle/swimming/tennis
Kjetil Andr Aamodt,M,20,176,85,Norway,NOR,1992 Winter,Winter,Albertville,Alpine Skiing,Alpine Skiing Men's Super G,Gold,10/10/1992,paddle/swimming/tennis
Ragnhild Margrethe Aamodt,F,27,163,0,Norway,NOR,2008 Summer,Summer,Beijing,Handball,Handball Women's Handball,Gold,25/10/2008,paddle/swimming/tennis
Alf Lied Aanning,M,24,0,0,Norway,NOR,1920 Summer,Summer,Antwerpen,Gymnastics,Gymnastics Men's Team All-Around,Silver,07/10/1920,paddle/swimming/tennis
Willemien Aardenburg,F,22,0,0,Netherlands,NED,1988 Summer,Summer,Seoul,Hockey,Hockey Women's Hockey,Bronze,09/06/1988,paddle/swimming/tennis
Pepijn Aardewijn,M,26,189,72,Netherlands,NED,1996 Summer,Summer,Atlanta,Rowing,Rowing Men's Lightweight Double Sculls,Silver,17/05/1996,paddle/swimming/tennis
Ann Kristin Aarnes,F,23,182,64,Norway,NOR,1996 Summer,Summer,Atlanta,Football,Football Women's Football,Bronze,09/09/1996,paddle/swimming/tennis
Karl Jan Aas,M,20,0,0,Norway,NOR,1920 Summer,Summer,Antwerpen,Gymnastics,Gymnastics Men's Team All-Around,Silver,05/02/1920,paddle/swimming/tennis
Roald Edgar Aas,M,23,0,0,Norway,NOR,1952 Winter,Winter,Oslo,Speed Skating,Speed Skating Men's 1.500 metres,Bronze,28/05/1952,paddle/swimming/tennis
Roald Edgar Aas,M,31,0,0,Norway,NOR,1960 Winter,Winter,Squaw Valley,Speed Skating,Speed Skating Men's 1.500 metres,Gold,08/06/1960,paddle/swimming/tennis
Thomas Valentin Aas,M,25,0,0,Taifun,NOR,1912 Summer,Summer,Stockholm,Sailing,Sailing Mixed 8 metres,Gold,25/09/1912,paddle/swimming/tennis
Ren Abadie,M,21,0,0,France,FRA,1956 Summer,Summer,Melbourne,Cycling,Cycling Men's Road Race Team,Gold,27/08/1956,paddle/swimming/tennis
Giovanni Abagnale,M,21,198,90,Italy,ITA,2016 Summer,Summer,Rio de Janeiro,Rowing,Rowing Men's Coxless Pairs,Bronze,05/05/2016,paddle/swimming/tennis
Jos Luis Abajo Gmez,M,30,194,87,Spain,ESP,2008 Summer,Summer,Beijing,Fencing,Fencing Men's epee Individual,Bronze,20/04/2008,paddle/swimming/tennis
Patimat Abakarova,F,21,165,49,Azerbaijan,AZE,2016 Summer,Summer,Rio de Janeiro,Taekwondo,Taekwondo Women's Flyweight,Bronze,24/09/2016,paddle/swimming/tennis
Mariya Vasilyevna Abakumova (-Tarabina),F,22,179,80,Russia,RUS,2008 Summer,Summer,Beijing,Athletics,Athletics Women's Javelin Throw,Silver,19/11/2008,paddle/swimming/tennis
Aleksey Aleksandrovich Abalmasov,M,28,180,83,Belarus,BLR,2008 Summer,Summer,Beijing,Canoeing,Canoeing Men's Kayak Fours 1.000 metres,Gold,06/04/2008,paddle/swimming/tennis
Luc Abalo,M,23,182,86,France,FRA,2008 Summer,Summer,Beijing,Handball,Handball Men's Handball,Gold,01/05/2008,paddle/swimming/tennis
Luc Abalo,M,27,182,86,France,FRA,2012 Summer,Summer,London,Handball,Handball Men's Handball,Gold,03/01/2012,paddle/swimming/tennis
Luc Abalo,M,31,182,86,France,FRA,2016 Summer,Summer,Rio de Janeiro,Handball,Handball Men's Handball,Silver,07/04/2016,paddle/swimming/tennis
Jouan Patrice Abanda Etong,M,22,185,82,Cameroon,CMR,2000 Summer,Summer,Sydney,Football,Football Men's Football,Gold,17/09/2000,paddle/swimming/tennis
Jos Mara Abarca Plotas,M,22,186,83,Spain,ESP,1996 Summer,Summer,Atlanta,Water Polo,Water Polo Men's Water Polo,Gold,08/12/1996,paddle/swimming/tennis
Stephen Anthony Abas,M,26,165,55,United States,USA,2004 Summer,Summer,Athina,Wrestling,Wrestling Men's Featherweight Freestyle,Silver,26/08/2004,paddle/swimming/tennis
Alejandro Abascal Garca,M,28,181,82,Spain,ESP,1980 Summer,Summer,Moskva,Sailing,Sailing Mixed Two Person Heavyweight Dinghy,Gold,19/06/1980,paddle/swimming/tennis
Jos Manuel Abascal Gmez,M,26,182,67,Spain,ESP,1984 Summer,Summer,Los Angeles,Athletics,Athletics Men's 1.500 metres,Bronze,23/07/1984,paddle/swimming/tennis
Tamila Rashidovna Abasova,F,21,163,60,Russia,RUS,2004 Summer,Summer,Athina,Cycling,Cycling Women's Sprint,Silver,14/02/2004,paddle/swimming/tennis
Jol Marc Abati,M,38,190,85,France,FRA,2008 Summer,Summer,Beijing,Handball,Handball Men's Handball,Gold,12/11/2008,paddle/swimming/tennis
Pter Abay,M,30,181,79,Hungary,HUN,1992 Summer,Summer,Barcelona,Fencing,Fencing Men's Sabre Team,Silver,06/08/1992,paddle/swimming/tennis
Oszkr Abay-Nemes,M,22,0,0,Hungary,HUN,1936 Summer,Summer,Berlin,Swimming,Swimming Men's 4 x 200 metres Freestyle Relay,Bronze,11/09/1936,paddle/swimming/tennis
Silvano Abba,M,25,0,0,Italy,ITA,1936 Summer,Summer,Berlin,Modern Pentathlon,Modern Pentathlon Men's Individual,Bronze,04/03/1936,paddle/swimming/tennis
Agostino Abbagnale,M,22,188,96,Italy,ITA,1988 Summer,Summer,Seoul,Rowing,Rowing Men's Quadruple Sculls,Gold,09/03/1988,paddle/swimming/tennis
Agostino Abbagnale,M,29,188,96,Italy,ITA,1996 Summer,Summer,Atlanta,Rowing,Rowing Men's Double Sculls,Gold,29/04/1996,paddle/swimming/tennis
Agostino Abbagnale,M,34,188,96,Italy,ITA,2000 Summer,Summer,Sydney,Rowing,Rowing Men's Quadruple Sculls,Gold,29/01/2000,paddle/swimming/tennis
Carmine Abbagnale,M,22,182,90,Italy,ITA,1984 Summer,Summer,Los Angeles,Rowing,Rowing Men's Coxed Pairs,Gold,07/12/1984,paddle/swimming/tennis
Carmine Abbagnale,M,26,182,90,Italy,ITA,1988 Summer,Summer,Seoul,Rowing,Rowing Men's Coxed Pairs,Gold,09/03/1988,paddle/swimming/tennis
Carmine Abbagnale,M,30,182,90,Italy,ITA,1992 Summer,Summer,Barcelona,Rowing,Rowing Men's Coxed Pairs,Silver,08/10/1992,paddle/swimming/tennis
Giuseppe Abbagnale,M,25,187,97,Italy,ITA,1984 Summer,Summer,Los Angeles,Rowing,Rowing Men's Coxed Pairs,Gold,15/05/1984,paddle/swimming/tennis
Giuseppe Abbagnale,M,29,187,97,Italy,ITA,1988 Summer,Summer,Seoul,Rowing,Rowing Men's Coxed Pairs,Gold,21/10/1988,paddle/swimming/tennis
Giuseppe Abbagnale,M,33,187,97,Italy,ITA,1992 Summer,Summer,Barcelona,Rowing,Rowing Men's Coxed Pairs,Silver,14/08/1992,paddle/swimming/tennis
"George ""Ioannis"" Abbot",M,0,0,0,Thessalonki-1,GRE,1906 Summer,Summer,Athina,Football,Football Men's Football,Bronze,15/05/1906,paddle/swimming/tennis
"Desmond ""Des"" Abbott",M,21,184,87,Australia,AUS,2008 Summer,Summer,Beijing,Hockey,Hockey Men's Hockey,Bronze,14/03/2008,paddle/swimming/tennis
Jeremy Abbott,M,28,175,70,United States,USA,2014 Winter,Winter,Sochi,Figure Skating,Figure Skating Mixed Team,Bronze,18/02/2014,paddle/swimming/tennis
Margaret Ives Abbott (-Dunne),F,23,0,0,United States,USA,1900 Summer,Summer,Paris,Golf,Golf Women's Individual,Gold,19/03/1900,paddle/swimming/tennis
Monica Cecilia Abbott,F,23,191,88,United States,USA,2008 Summer,Summer,Beijing,Softball,Softball Women's Softball,Silver,18/09/1911,paddle/swimming/tennis
Nia Nicole Abdallah,F,20,175,56,United States,USA,2004 Summer,Summer,Athina,Taekwondo,Taekwondo Women's Featherweight,Silver,31/12/2004,paddle/swimming/tennis
Saeid Morad Abdevali,M,26,170,80,Iran,IRI,2016 Summer,Summer,Rio de Janeiro,Wrestling,Wrestling Men's Middleweight Greco-Roman,Bronze,01/03/2016,paddle/swimming/tennis
Reema Abdo,F,21,173,59,Canada,CAN,1984 Summer,Summer,Los Angeles,Swimming,Swimming Women's 4 x 100 metres Medley Relay,Bronze,05/03/1984,paddle/swimming/tennis
Lala Abdul Rashid,M,38,169,91,Pakistan,PAK,1960 Summer,Summer,Roma,Hockey,Hockey Men's Hockey,Gold,02/05/1960,paddle/swimming/tennis
Muhammad Abdul Rashid,M,23,181,72,Pakistan,PAK,1964 Summer,Summer,Tokyo,Hockey,Hockey Men's Hockey,Silver,09/10/1964,paddle/swimming/tennis
Zagalav Abdulbekovich Abdulbekov,M,26,160,62,Soviet Union,URS,1972 Summer,Summer,Munich,Wrestling,Wrestling Men's Featherweight Freestyle,Gold,27/07/1972,paddle/swimming/tennis
Mukhammad Kadyr Abdullayev,M,26,169,63,Uzbekistan,UZB,2000 Summer,Summer,Sydney,Boxing,Boxing Men's Light-Welterweight,Gold,07/07/2000,paddle/swimming/tennis
Namiq Yadulla Abdullayev,M,25,167,55,Azerbaijan,AZE,1996 Summer,Summer,Atlanta,Wrestling,Wrestling Men's Flyweight, Silver,09/05/1996,paddle/swimming/tennis
Namiq Yadulla Abdullayev,M,29,167,55,Azerbaijan,AZE,2000 Summer,Summer,Sydney,Wrestling,Wrestling Men's Bantamweight Freestyle,Gold,23/11/2000,football/badminton/waterpolo
Julius Shareef Abdur-Rahim,M,23,202,104,United States,USA,2000 Summer,Summer,Sydney,Basketball,Basketball Men's Basketball,Gold,01/01/2000,football/badminton/waterpolo
Yusup Abdusalomov,M,30,170,84,Tajikistan,TJK,2008 Summer,Summer,Beijing,Wrestling,Wrestling Men's Light-Heavyweight Freestyle,Silver,03/07/2008,football/badminton/waterpolo
Andrey Khakimovich Abduvaliyev,M,26,190,125,Unified Team,EUN,1992 Summer,Summer,Barcelona,Athletics,Athletics Men's Hammer Throw,Gold,05/04/1992,football/badminton/waterpolo
Masashi Abe,M,28,175,64,Japan,JPN,1994 Winter,Winter,Lillehammer,Nordic Combined,Nordic Combined Men's Team,Gold,16/07/1994,football/badminton/waterpolo
Addis Abebe,M,21,160,50,Ethiopia,ETH,1992 Summer,Summer,Barcelona,Athletics,Athletics Men's 10.000 metres,Bronze,06/04/1992,football/badminton/waterpolo
Clarence John Abel,M,23,185,102,United States,USA,1924 Winter,Winter,Chamonix,Ice Hockey,Ice Hockey Men's Ice Hockey,Silver,02/10/1924,football/badminton/waterpolo
George Gordon Abel,M,35,0,0,Canada,CAN,1952 Winter,Winter,Oslo,Ice Hockey,Ice Hockey Men's Ice Hockey,Gold,18/08/1952,football/badminton/waterpolo
Irene Abel,F,19,160,48,East Germany,GDR,1972 Summer,Summer,Munich,Gymnastics,Gymnastics Women's Team All-Around,Silver,12/01/1972,football/badminton/waterpolo
Jennifer Abel,F,20,160,62,Canada,CAN,2012 Summer,Summer,London,Diving,Diving Women's Synchronized Springboard,Bronze,01/12/2012,football/badminton/waterpolo
Egil Sten Abel,M,20,0,0,Fornebo,NOR,1920 Summer,Summer,Antwerpen,Sailing,Sailing Mixed 7 metres,Silver,27/06/1920,football/badminton/waterpolo
Abelardo Fernndez Antua,M,22,0,0,Spain,ESP,1992 Summer,Summer,Barcelona,Football,Football Men's Football,Gold,02/11/1992,football/badminton/waterpolo
"Louis Grenville ""Lou"" Abell",M,15,0,0,Vesper Boat Club,USA,1900 Summer,Summer,Paris,Rowing,Rowing Men's Coxed Eights,Gold,28/11/1900,football/badminton/waterpolo
"Louis Grenville ""Lou"" Abell",M,19,0,0,Vesper Boat Club,USA,1904 Summer,Summer,St. Louis,Rowing,Rowing Men's Coxed Eights,Gold,30/09/1904,football/badminton/waterpolo
Gezahgne Abera,M,22,166,58,Ethiopia,ETH,2000 Summer,Summer,Sydney,Athletics,Athletics Men's Marathon,Gold,19/10/2000,football/badminton/waterpolo
Nils Georg berg,M,19,181,78,Sweden,SWE,1912 Summer,Summer,Stockholm,Athletics,Athletics Men's Long Jump,Bronze,20/07/1912,football/badminton/waterpolo
Nils Georg berg,M,19,181,78,Sweden,SWE,1912 Summer,Summer,Stockholm,Athletics,Athletics Men's Triple Jump,Silver,21/10/1912,football/badminton/waterpolo
Michael Brent Abernathy,M,22,182,84,United States,USA,2000 Summer,Summer,Sydney,Baseball,Baseball Men's Baseball,Gold,11/02/2000,football/badminton/waterpolo
Moira Abernethy (-Ford),F,17,0,0,South Africa,RSA,1956 Summer,Summer,Melbourne,Swimming,Swimming Women's 4 x 100 metres Freestyle Relay,Bronze,08/01/1956,football/badminton/waterpolo
Elvan Abeylegesse,F,25,159,40,Turkey,TUR,2008 Summer,Summer,Beijing,Athletics,Athletics Women's 5.000 metres,Silver,11/01/2008,football/badminton/waterpolo
Ismail Abilov (-Nizamolu),M,29,172,82,Bulgaria,BUL,1980 Summer,Summer,Moskva,Wrestling,Wrestling Men's Middleweight Freestyle,Gold,18/04/1980,football/badminton/waterpolo
"Edgar Allen ""Ed"" Ablowich",M,19,182,68,United States,USA,1932 Summer,Summer,Los Angeles,Athletics,Athletics Men's 4 x 400 metres Relay,Gold,19/05/1932,football/badminton/waterpolo
Denis Mikhaylovich Ablyazin,M,19,161,62,Russia,RUS,2012 Summer,Summer,London,Gymnastics,Gymnastics Men's Floor Exercise,Bronze,18/01/2012,football/badminton/waterpolo
Denis Mikhaylovich Ablyazin,M,19,161,62,Russia,RUS,2012 Summer,Summer,London,Gymnastics,Gymnastics Men's Horse Vault,Silver,20/10/2012,football/badminton/waterpolo
Denis Mikhaylovich Ablyazin,M,24,161,62,Russia,RUS,2016 Summer,Summer,Rio de Janeiro,Gymnastics,Gymnastics Men's Team All-Around,Silver,05/07/2016,football/badminton/waterpolo
Denis Mikhaylovich Ablyazin,M,24,161,62,Russia,RUS,2016 Summer,Summer,Rio de Janeiro,Gymnastics,Gymnastics Men's Horse Vault,Silver,23/04/2016,football/badminton/waterpolo
Denis Mikhaylovich Ablyazin,M,24,161,62,Russia,RUS,2016 Summer,Summer,Rio de Janeiro,Gymnastics,Gymnastics Men's Rings,Bronze,17/03/2016,football/badminton/waterpolo
Viktor Andreyevich Aboimov,M,22,190,78,Soviet Union,URS,1972 Summer,Summer,Munich,Swimming,Swimming Men's 4 x 100 metres Freestyle Relay,Silver,08/07/1972,football/badminton/waterpolo
Viktor Andreyevich Aboimov,M,22,190,78,Soviet Union,URS,1972 Summer,Summer,Munich,Swimming,Swimming Men's 4 x 200 metres Freestyle Relay,Bronze,06/06/1972,football/badminton/waterpolo
"Matthew ""Matt"" Abood",M,30,197,92,Australia,AUS,2016 Summer,Summer,Rio de Janeiro,Swimming,Swimming Men's 4 x 100 metres Freestyle Relay,Bronze,25/09/2016,football/badminton/waterpolo
Alaaeldin Ahmad El-Sayyid Abouelkassem,M,21,188,87,Egypt,EGY,2012 Summer,Summer,London,Fencing,Fencing Men's Foil Individual,Silver,03/03/2012,football/badminton/waterpolo
Attila brahm,M,21,192,88,Hungary,HUN,1988 Summer,Summer,Seoul,Canoeing,Canoeing Men's Kayak Doubles 500 metres,Bronze,12/01/1988,football/badminton/waterpolo
Attila brahm,M,21,192,88,Hungary,HUN,1988 Summer,Summer,Seoul,Canoeing,Canoeing Men's Kayak Fours 1.000 metres,Gold,09/10/1988,football/badminton/waterpolo
Attila brahm,M,25,192,88,Hungary,HUN,1992 Summer,Summer,Barcelona,Canoeing,Canoeing Men's Kayak Fours 1.000 metres,Silver,04/05/1992,football/badminton/waterpolo
Gary Abraham,M,21,175,64,Great Britain,GBR,1980 Summer,Summer,Moskva,Swimming,Swimming Men's 4 x 100 metres Medley Relay,Bronze,21/06/2980,football/badminton/waterpolo
Ara Abrahamian,M,29,191,84,Sweden,SWE,2004 Summer,Summer,Athina,Wrestling,Wrestling Men's Light-Heavyweight Greco-Roman,Silver,21/07/2004,football/badminton/waterpolo
Harold Maurice Abrahams,M,24,183,75,Great Britain,GBR,1924 Summer,Summer,Paris,Athletics,Athletics Men's 100 metres,Gold,22/12/1924,football/badminton/waterpolo
Harold Maurice Abrahams,M,24,183,75,Great Britain,GBR,1924 Summer,Summer,Paris,Athletics,Athletics Men's 4 x 100 metres Relay,Silver,14/08/1924,football/badminton/waterpolo
Isak Abrahamsen,M,21,0,0,Norway,NOR,1912 Summer,Summer,Stockholm,Gymnastics,Gymnastics Men's Team All-Around,Gold,25/12/1912,football/badminton/waterpolo
Erik Adolf Efraim Abrahamsson,M,22,172,61,Sweden,SWE,1920 Summer,Summer,Antwerpen,Athletics,Athletics Men's Long Jump,Bronze,27/06/1920,football/badminton/waterpolo
Karl Gustaf Emanuel Abrahamsson,M,31,0,0,Sweden,SWE,1928 Winter,Winter,Sankt Moritz,Ice Hockey,Ice Hockey Men's Ice Hockey,Silver,01/12/1928,football/badminton/waterpolo
Pavel Sergeyevich Abramov,M,25,198,89,Russia,RUS,2004 Summer,Summer,Athina,Volleyball,Volleyball Men's Volleyball,Bronze,24/07/2004,football/badminton/waterpolo
Yekaterina Konstantinovna Abramova,F,23,167,65,Russia,RUS,2006 Winter,Winter,Torino,Speed Skating,Speed Skating Women's Team Pursuit (6 laps),Bronze,26/09/1957,football/badminton/waterpolo
Svetlana Olegovna Abrosimova,F,28,188,77,Russia,RUS,2008 Summer,Summer,Beijing,Basketball,Basketball Women's Basketball,Bronze,09/06/1925,football/badminton/waterpolo
Saypulla Atavovich Absaidov,M,22,168,68,Soviet Union,URS,1980 Summer,Summer,Moskva,Wrestling,Wrestling Men's Lightweight Freestyle,Gold,09/09/1993,football/badminton/waterpolo
Julien Absalon,M,23,180,68,France,FRA,2004 Summer,Summer,Athina,Cycling,Cycling Men's Mountainbike Cross-Country,Gold,07/10/1926,football/badminton/waterpolo
Julien Absalon,M,27,180,68,France,FRA,2008 Summer,Summer,Beijing,Cycling,Cycling Men's Mountainbike Cross-Country,Gold,30/01/1963,football/badminton/waterpolo
Ahmad Abughaush,M,20,178,68,Jordan,JOR,2016 Summer,Summer,Rio de Janeiro,Taekwondo,Taekwondo Men's Featherweight,Gold,24/04/1963,football/badminton/waterpolo
Ginko Abukawa-Chiba,F,26,148,46,Japan,JPN,1964 Summer,Summer,Tokyo,Gymnastics,Gymnastics Women's Team All-Around,Bronze,26/11/1925,football/badminton/waterpolo
Aleksandr Veniaminovich Abushakhmetov,M,25,189,81,Soviet Union,URS,1980 Summer,Summer,Moskva,Fencing,Fencing Men's epee Team,Bronze,18/10/1951,football/badminton/waterpolo
Magomedgasan Mingazhutdinovich Abushev,M,20,170,62,Soviet Union,URS,1980 Summer,Summer,Moskva,Wrestling,Wrestling Men's Featherweight Freestyle,Gold,21/06/1924,football/badminton/waterpolo
Andreea Roxana Acatrinei,F,16,150,40,Romania,ROU,2008 Summer,Summer,Beijing,Gymnastics,Gymnastics Women's Team All-Around,Bronze,16/09/1940,football/badminton/waterpolo
Paul Accola,M,20,176,82,Switzerland,SUI,1988 Winter,Winter,Calgary,Alpine Skiing,Alpine Skiing Men's Combined,Bronze,14/01/1981,football/badminton/waterpolo
Domingo Gmez-Acedo Villanueva,M,21,0,0,Spain,ESP,1920 Summer,Summer,Antwerpen,Football,Football Men's Football,Silver,08/02/1971,football/badminton/waterpolo
Anibl Santiago Acevedo,M,21,176,67,Puerto Rico,PUR,1992 Summer,Summer,Barcelona,Boxing,Boxing Men's Welterweight,Bronze,23/09/1943,football/badminton/waterpolo
Daniel Aceves Villagrn,M,19,158,52,Mexico,MEX,1984 Summer,Summer,Los Angeles,Wrestling,Wrestling Men's Flyweight Greco-Roman,Silver,03/04/1969,football/badminton/waterpolo
Joachim Yaw Acheampong,M,18,181,73,Ghana,GHA,1992 Summer,Summer,Barcelona,Football,Football Men's Football,Bronze,21/02/1981,football/badminton/waterpolo
Alfred Achermann,M,24,176,75,Switzerland,SUI,1984 Summer,Summer,Los Angeles,Cycling,Cycling Men's 100 kilometres Team Time Trial,Silver,13/02/2001,football/badminton/waterpolo
Abdel Hak Achik,M,29,165,54,Morocco,MAR,1988 Summer,Summer,Seoul,Boxing,Boxing Men's Featherweight,Bronze,30/05/1985,football/badminton/waterpolo
Mohamed Abdelhak Achik,M,27,174,57,Morocco,MAR,1992 Summer,Summer,Barcelona,Boxing,Boxing Men's Bantamweight,Bronze,15/06/1998,football/badminton/waterpolo
Rita Nikolayevna Achkina,F,30,168,63,Soviet Union,URS,1968 Winter,Winter,Grenoble,Cross Country Skiing,Cross Country Skiing Women's 3 x 5 kilometres Relay,Bronze,23/06/1932,football/badminton/waterpolo
Chantal Achterberg,F,27,172,72,Netherlands,NED,2012 Summer,Summer,London,Rowing,Rowing Women's Coxed Eights,Bronze,15/01/1994,football/badminton/waterpolo
Chantal Achterberg,F,31,172,72,Netherlands,NED,2016 Summer,Summer,Rio de Janeiro,Rowing,Rowing Women's Quadruple Sculls,Silver,03/02/1944,football/badminton/waterpolo
Fausto Alesio Acke (Padovini-),M,22,0,0,Sweden,SWE,1920 Summer,Summer,Antwerpen,Gymnastics,Gymnastics Men's Team All-Around Swedish System,Gold,30/11/2008,football/badminton/waterpolo
Paul Douglas Ackerley,M,27,179,68,New Zealand,NZL,1976 Summer,Summer,Montreal,Hockey,Hockey Men's Hockey,Gold,08/04/1911,football/badminton/waterpolo
"Charles Edwin ""Charley"" Ackerly",M,22,0,0,United States,USA,1920 Summer,Summer,Antwerpen,Wrestling,Wrestling Men's Featherweight Freestyle,Gold,19/10/1990,football/badminton/waterpolo
Ronny Ackermann,M,24,184,69,Germany,GER,2002 Winter,Winter,Salt Lake City,Nordic Combined,Nordic Combined Men's Sprint,Silver,11/02/1952,football/badminton/waterpolo
Ronny Ackermann,M,28,184,69,Germany,GER,2006 Winter,Winter,Torino,Nordic Combined,Nordic Combined Men's Team,Silver,18/10/1955,football/badminton/waterpolo
Donat Acklin,M,26,190,99,Switzerland-1,SUI,1992 Winter,Winter,Albertville,Bobsleigh,Bobsleigh Men's Two,Gold,09/02/1901,football/badminton/waterpolo
Donat Acklin,M,26,190,99,Switzerland-1,SUI,1992 Winter,Winter,Albertville,Bobsleigh,Bobsleigh Men's Four,Bronze,01/05/2001,football/badminton/waterpolo
Donat Acklin,M,28,190,99,Switzerland-1,SUI,1994 Winter,Winter,Lillehammer,Bobsleigh,Bobsleigh Men's Two,Gold,22/09/1958,climbing/handball/indoor soccer
Donat Acklin,M,28,190,99,Switzerland-1,SUI,1994 Winter,Winter,Lillehammer,Bobsleigh,Bobsleigh Men's Four,Silver,03/08/1922,climbing/handball/indoor soccer
Guido Acklin,M,24,200,104,Switzerland-2,SUI,1994 Winter,Winter,Lillehammer,Bobsleigh,Bobsleigh Men's Two,Silver,21/11/1922,climbing/handball/indoor soccer
Lautaro Germn Acosta,M,20,168,72,Argentina,ARG,2008 Summer,Summer,Beijing,Football,Football Men's Football,Gold,02/03/1900,climbing/handball/indoor soccer
Osmay Acosta Duarte,M,23,188,91,Cuba,CUB,2008 Summer,Summer,Beijing,Boxing,Boxing Men's Heavyweight,Bronze,13/07/1906,climbing/handball/indoor soccer
Martn Ral Acosta y Lara Daz,M,27,0,0,Uruguay,URU,1952 Summer,Summer,Helsinki,Basketball,Basketball Men's Basketball,Bronze,20/07/1933,climbing/handball/indoor soccer
Kazimierz Piotr Adach,M,23,162,60,Poland,POL,1980 Summer,Summer,Moskva,Boxing,Boxing Men's Lightweight,Bronze,28/06/1901,climbing/handball/indoor soccer
"Gordon Belgum ""Gordy"" Adam",M,21,0,0,United States,USA,1936 Summer,Summer,Berlin,Rowing,Rowing Men's Coxed Eights,Gold,19/06/1979,climbing/handball/indoor soccer
Ji Adam,M,25,187,83,Czechoslovakia,TCH,1976 Summer,Summer,Montreal,Modern Pentathlon,Modern Pentathlon Men's Team,Silver,07/03/1937,climbing/handball/indoor soccer
Otto Adam,M,26,0,0,Germany,GER,1936 Summer,Summer,Berlin,Fencing,Fencing Men's Foil Team,Bronze,27/06/1977,climbing/handball/indoor soccer
Pierre Louis Eugne Adam,M,24,0,0,France,FRA,1948 Summer,Summer,London,Cycling,Cycling Men's Team Pursuit 4.000 metres,Gold,30/11/2012,climbing/handball/indoor soccer
Dariusz Adamczuk,M,22,179,78,Poland,POL,1992 Summer,Summer,Barcelona,Football,Football Men's Football,Silver,29/01/1909,climbing/handball/indoor soccer
"Benjamin Willard ""Ben"" Adams",M,22,188,78,United States,USA,1912 Summer,Summer,Stockholm,Athletics,Athletics Men's Standing High Jump,Silver,06/04/1938,climbing/handball/indoor soccer
"Benjamin Willard ""Ben"" Adams",M,22,188,78,United States,USA,1912 Summer,Summer,Stockholm,Athletics,Athletics Men's Standing Long Jump,Bronze,03/04/1966,climbing/handball/indoor soccer
Edgar Holmes Adams,M,36,0,0,United States,USA,1904 Summer,Summer,St. Louis,Swimming,Swimming Men's Plunge For Distance,Silver,28/07/1978,climbing/handball/indoor soccer
Harry Lester Adams,M,31,0,0,United States,USA,1912 Summer,Summer,Stockholm,Shooting,Shooting Men's Military Rifle Team,Gold,26/12/1956,climbing/handball/indoor soccer
Adrian Neil Adams,M,21,178,78,Great Britain,GBR,1980 Summer,Summer,Moskva,Judo,Judo Men's Lightweight,Silver,18/11/1929,climbing/handball/indoor soccer
Adrian Neil Adams,M,25,178,78,Great Britain,GBR,1984 Summer,Summer,Los Angeles,Judo,Judo Men's Half-Middleweight,Silver,21/07/1998,climbing/handball/indoor soccer
Nicola Virginia Adams,F,29,164,51,Great Britain,GBR,2012 Summer,Summer,London,Boxing,Boxing Women's Flyweight,Gold,28/01/1906,climbing/handball/indoor soccer
Nicola Virginia Adams,F,33,164,51,Great Britain,GBR,2016 Summer,Summer,Rio de Janeiro,Boxing,Boxing Women's Flyweight,Gold,16/05/1958,climbing/handball/indoor soccer
Platt Adams,M,27,188,78,United States,USA,1912 Summer,Summer,Stockholm,Athletics,Athletics Men's Standing High Jump,Gold,20/12/1912,climbing/handball/indoor soccer
Platt Adams,M,27,188,78,United States,USA,1912 Summer,Summer,Stockholm,Athletics,Athletics Men's Standing Long Jump,Silver,08/03/1948,climbing/handball/indoor soccer
Rachael Alexis Adams,F,26,188,81,United States,USA,2016 Summer,Summer,Rio de Janeiro,Volleyball,Volleyball Women's Volleyball,Bronze,29/11/1981,climbing/handball/indoor soccer
"Victoria ""Vicki"" Adams",F,24,164,69,Great Britain,GBR,2014 Winter,Winter,Sochi,Curling,Curling Women's Curling,Bronze,29/02/1932,climbing/handball/indoor soccer
Valerie Kasanita Adams-Vili (-Price),F,23,193,120,New Zealand,NZL,2008 Summer,Summer,Beijing,Athletics,Athletics Women's Shot Put,Gold,23/12/1916,climbing/handball/indoor soccer
Valerie Kasanita Adams-Vili (-Price),F,27,193,120,New Zealand,NZL,2012 Summer,Summer,London,Athletics,Athletics Women's Shot Put,Gold,19/10/1918,climbing/handball/indoor soccer
Valerie Kasanita Adams-Vili (-Price),F,31,193,120,New Zealand,NZL,2016 Summer,Summer,Rio de Janeiro,Athletics,Athletics Women's Shot Put,Silver,15/10/1989,climbing/handball/indoor soccer
Filip Kamil Adamski,M,29,189,87,Germany,GER,2012 Summer,Summer,London,Rowing,Rowing Men's Coxed Eights,Gold,25/12/2014,climbing/handball/indoor soccer
Herbert Adamski,M,26,0,0,Germany,GER,1936 Summer,Summer,Berlin,Rowing,Rowing Men's Coxed Pairs,Gold,03/01/1965,climbing/handball/indoor soccer
Jerzy Adamski,M,23,171,58,Poland,POL,1960 Summer,Summer,Roma,Boxing,Boxing Men's Featherweight,Silver,26/06/1910,climbing/handball/indoor soccer
Simon Addo,M,17,180,79,Ghana,GHA,1992 Summer,Summer,Barcelona,Football,Football Men's Football,Bronze,17/10/1901,climbing/handball/indoor soccer
Eugene Addor,M,0,0,0,Switzerland,SUI,1920 Summer,Summer,Antwerpen,Shooting,Shooting Men's Military Rifle Prone Team,Bronze,10/05/2013,climbing/handball/indoor soccer
Olubayo Adefemi,M,22,181,82,Nigeria,NGR,2008 Summer,Summer,Beijing,Football,Football Men's Football,Silver,09/08/2009,climbing/handball/indoor soccer
"Ayodele ""Dele"" Adeleye",M,19,190,80,Nigeria,NGR,2008 Summer,Summer,Beijing,Football,Football Men's Football,Silver,07/03/1943,climbing/handball/indoor soccer
Ademir Roque Kaefer,M,24,179,74,Brazil,BRA,1984 Summer,Summer,Los Angeles,Football,Football Men's Football,Silver,28/05/1901,climbing/handball/indoor soccer
Ademir Roque Kaefer,M,28,179,74,Brazil,BRA,1988 Summer,Summer,Seoul,Football,Football Men's Football,Silver,24/08/1917,climbing/handball/indoor soccer
Olapade Charles Adeniken,M,22,186,78,Nigeria,NGR,1992 Summer,Summer,Barcelona,Athletics,Athletics Men's 4 x 100 metres Relay,Silver,16/10/1963,climbing/handball/indoor soccer
Adenzia Aparecida Ferreira da Silva,F,25,187,65,Brazil,BRA,2012 Summer,Summer,London,Volleyball,Volleyball Women's Volleyball,Gold,15/01/1924,climbing/handball/indoor soccer
Franck Adisson,M,23,180,70,France-1,FRA,1992 Summer,Summer,Barcelona,Canoeing,Canoeing Men's Canadian Doubles Slalom,Bronze,14/10/1936,climbing/handball/indoor soccer
Franck Adisson,M,26,180,70,France-1,FRA,1996 Summer,Summer,Atlanta,Canoeing,Canoeing Men's Canadian Doubles Slalom,Gold,19/01/1979,climbing/handball/indoor soccer
Sammi Adjei,M,18,0,0,Ghana,GHA,1992 Summer,Summer,Barcelona,Football,Football Men's Football,Bronze,28/01/2003,climbing/handball/indoor soccer
"Charles ""Chuck"" Adkins",M,20,0,0,United States,USA,1952 Summer,Summer,Helsinki,Boxing,Boxing Men's Light-Welterweight,Gold,24/04/2003,climbing/handball/indoor soccer
Derrick Ralph Adkins,M,26,188,80,United States,USA,1996 Summer,Summer,Atlanta,Athletics,Athletics Men's 400 metres Hurdles,Gold,08/04/1942,climbing/handball/indoor soccer
"Robert Edward ""Bob"" Adlard",M,32,0,0,Great Britain,GBR,1948 Summer,Summer,London,Hockey,Hockey Men's Hockey,Silver,29/06/1970,climbing/handball/indoor soccer
Daniel Adler,M,26,180,72,Brazil,BRA,1984 Summer,Summer,Los Angeles,Sailing,Sailing Mixed Three Person Keelboat,Silver,04/08/1999,climbing/handball/indoor soccer
Egon Adler,M,23,172,62,Germany,GER,1960 Summer,Summer,Roma,Cycling,Cycling Men's 100 kilometres Team Time Trial,Silver,02/10/1957,climbing/handball/indoor soccer
"Margarete ""Grete"" Adler",F,16,0,0,Austria,AUT,1912 Summer,Summer,Stockholm,Swimming,Swimming Women's 4 x 100 metres Freestyle Relay,Bronze,17/02/1925,climbing/handball/indoor soccer
Gregor Nils Henric Adlercreutz,M,37,0,0,Sweden,SWE,1936 Summer,Summer,Berlin,Equestrianism,Equestrianism Men's Dressage Team,Bronze,08/01/1971,climbing/handball/indoor soccer
Nils August Domingo Adlercreutz,M,45,0,0,Sweden,SWE,1912 Summer,Summer,Stockholm,Equestrianism,Equestrianism Men's Three-Day Event Team,Gold,23/04/1955,climbing/handball/indoor soccer
Anna Mrtha Vilhelmina Adlerstrhle (von Oelreich-),F,39,0,0,Sweden,SWE,1908 Summer,Summer,London,Tennis,Tennis Women's Singles,Bronze,08/09/1966,climbing/handball/indoor soccer
Erik William Adlerz,M,19,0,0,Sweden,SWE,1912 Summer,Summer,Stockholm,Diving,Diving Men's Platform,Gold,04/09/1992,climbing/handball/indoor soccer
Erik William Adlerz,M,19,0,0,Sweden,SWE,1912 Summer,Summer,Stockholm,Diving,Diving Men's Plain High,Gold,09/08/2007,climbing/handball/indoor soccer
Erik William Adlerz,M,27,0,0,Sweden,SWE,1920 Summer,Summer,Antwerpen,Diving,Diving Men's Platform,Silver,09/09/1916,climbing/handball/indoor soccer
"Rebecca ""Becky"" Adlington",F,19,179,70,Great Britain,GBR,2008 Summer,Summer,Beijing,Swimming,Swimming Women's 400 metres Freestyle,Gold,15/07/1990,climbing/handball/indoor soccer
"Rebecca ""Becky"" Adlington",F,19,179,70,Great Britain,GBR,2008 Summer,Summer,Beijing,Swimming,Swimming Women's 800 metres Freestyle,Gold,19/07/1929,climbing/handball/indoor soccer
"Rebecca ""Becky"" Adlington",F,23,179,70,Great Britain,GBR,2012 Summer,Summer,London,Swimming,Swimming Women's 400 metres Freestyle,Bronze,13/12/1920,climbing/handball/indoor soccer
"Rebecca ""Becky"" Adlington",F,23,179,70,Great Britain,GBR,2012 Summer,Summer,London,Swimming,Swimming Women's 800 metres Freestyle,Bronze,23/05/1963,climbing/handball/indoor soccer
Dainius Adomaitis,M,26,202,100,Lithuania,LTU,2000 Summer,Summer,Sydney,Basketball,Basketball Men's Basketball,Bronze,23/11/1943,climbing/handball/indoor soccer
Nathan Ghar-Jun Adrian,M,19,198,100,United States,USA,2008 Summer,Summer,Beijing,Swimming,Swimming Men's 4 x 100 metres Freestyle Relay,Gold,10/03/1976,climbing/handball/indoor soccer
Nathan Ghar-Jun Adrian,M,23,198,100,United States,USA,2012 Summer,Summer,London,Swimming,Swimming Men's 100 metres Freestyle,Gold,24/02/1995,climbing/handball/indoor soccer
Nathan Ghar-Jun Adrian,M,23,198,100,United States,USA,2012 Summer,Summer,London,Swimming,Swimming Men's 4 x 100 metres Freestyle Relay,Silver,17/04/1927,climbing/handball/indoor soccer
Nathan Ghar-Jun Adrian,M,23,198,100,United States,USA,2012 Summer,Summer,London,Swimming,Swimming Men's 4 x 100 metres Medley Relay,Gold,06/07/1954,climbing/handball/indoor soccer
Nathan Ghar-Jun Adrian,M,27,198,100,United States,USA,2016 Summer,Summer,Rio de Janeiro,Swimming,Swimming Men's 50 metres Freestyle,Bronze,12/07/1931,climbing/handball/indoor soccer
Nathan Ghar-Jun Adrian,M,27,198,100,United States,USA,2016 Summer,Summer,Rio de Janeiro,Swimming,Swimming Men's 100 metres Freestyle,Bronze,12/09/1905,climbing/handball/indoor soccer
Nathan Ghar-Jun Adrian,M,27,198,100,United States,USA,2016 Summer,Summer,Rio de Janeiro,Swimming,Swimming Men's 4 x 100 metres Freestyle Relay,Gold,25/08/1949,climbing/handball/indoor soccer
Nathan Ghar-Jun Adrian,M,27,198,100,United States,USA,2016 Summer,Summer,Rio de Janeiro,Swimming,Swimming Men's 4 x 100 metres Medley Relay,Gold,28/07/2012,climbing/handball/indoor soccer
Adriana Aparecida dos Santos,F,25,180,61,Brazil,BRA,1996 Summer,Summer,Atlanta,Basketball,Basketball Women's Basketball,Silver,16/05/1969,climbing/handball/indoor soccer
Adriana Aparecida dos Santos,F,29,180,61,Brazil,BRA,2000 Summer,Summer,Sydney,Basketball,Basketball Women's Basketball,Bronze,07/07/1906,climbing/handball/indoor soccer
"Adriana ""Adrianinha"" Moiss Pinto",F,21,170,65,Brazil,BRA,2000 Summer,Summer,Sydney,Basketball,Basketball Women's Basketball,Bronze,02/03/1918,climbing/handball/indoor soccer
Attila Adrovicz,M,30,189,87,Hungary,HUN,1996 Summer,Summer,Atlanta,Canoeing,Canoeing Men's Kayak Fours 1.000 metres,Silver,30/11/1985,climbing/handball/indoor soccer
Kseniya Dmitriyevna Afanasyeva,F,20,158,48,Russia,RUS,2012 Summer,Summer,London,Gymnastics,Gymnastics Women's Team All-Around,Silver,23/09/1951,climbing/handball/indoor soccer
Maksim Sergeyevich Afinogenov,M,22,183,88,Russia,RUS,2002 Winter,Winter,Salt Lake City,Ice Hockey,Ice Hockey Men's Ice Hockey,Bronze,03/09/1940,climbing/handball/indoor soccer
"Olabisi ""Bisi"" Afolabi",F,20,180,62,Nigeria,NGR,1996 Summer,Summer,Atlanta,Athletics,Athletics Women's 4 x 400 metres Relay,Silver,20/05/1932,climbing/handball/indoor soccer
Felicia Afrsiloaie (-Jitianu),F,22,178,70,Romania,ROU,1976 Summer,Summer,Montreal,Rowing,Rowing Women's Coxed Quadruple Sculls,Bronze,14/01/2013,climbing/handball/indoor soccer
Cecil Sebastian Afrika,M,28,175,75,South Africa,RSA,2016 Summer,Summer,Rio de Janeiro,Rugby Sevens,Rugby Sevens Men's Rugby Sevens,Bronze,05/02/1925,climbing/handball/indoor soccer
Muhammad Afzal Manna,M,25,173,76,Pakistan,PAK,1964 Summer,Summer,Tokyo,Hockey,Hockey Men's Hockey,Silver,26/08/1937,climbing/handball/indoor soccer
"Timothy Ernest Victor Kwizera ""Tim"" Agaba",M,27,193,104,South Africa,RSA,2016 Summer,Summer,Rio de Janeiro,Rugby Sevens,Rugby Sevens Men's Rugby Sevens,Bronze,20/09/1911,climbing/handball/indoor soccer
Lavinia Agache (-Carney),F,16,148,40,Romania,ROU,1984 Summer,Summer,Los Angeles,Gymnastics,Gymnastics Women's Team All-Around,Gold,26/03/1968,climbing/handball/indoor soccer
Lavinia Agache (-Carney),F,16,148,40,Romania,ROU,1984 Summer,Summer,Los Angeles,Gymnastics,Gymnastics Women's Horse Vault,Bronze,01/11/1919,climbing/handball/indoor soccer
Luca Agamennoni,M,24,187,93,Italy,ITA,2004 Summer,Summer,Athina,Rowing,Rowing Men's Coxless Fours,Bronze,06/04/2009,climbing/handball/indoor soccer
Luca Agamennoni,M,27,187,93,Italy,ITA,2008 Summer,Summer,Beijing,Rowing,Rowing Men's Quadruple Sculls,Silver,18/08/2009,climbing/handball/indoor soccer
Andre Kirk Agassi,M,26,180,80,United States,USA,1996 Summer,Summer,Atlanta,Tennis,Tennis Men's Singles,Gold,05/10/1917,climbing/handball/indoor soccer
Clarisse Agbegnenou,F,23,164,66,France,FRA,2016 Summer,Summer,Rio de Janeiro,Judo,Judo Women's Half-Middleweight,Silver,12/04/1922,climbing/handball/indoor soccer
Henrik Agersborg,M,47,0,0,Stella-2,NOR,1920 Summer,Summer,Antwerpen,Sailing,Sailing Mixed 6 metres,Bronze,13/08/1931,climbing/handball/indoor soccer
Viktor Ivanovich Ageyev,M,20,184,80,Soviet Union,URS,1956 Summer,Summer,Melbourne,Water Polo,Water Polo Men's Water Polo,Bronze,09/08/1968,climbing/handball/indoor soccer
Viktor Ivanovich Ageyev,M,24,184,80,Soviet Union,URS,1960 Summer,Summer,Roma,Water Polo,Water Polo Men's Water Polo,Silver,08/06/1985,climbing/handball/indoor soccer
Viktor Ivanovich Ageyev,M,28,184,80,Soviet Union,URS,1964 Summer,Summer,Tokyo,Water Polo,Water Polo Men's Water Polo,Bronze,04/10/1954,climbing/handball/indoor soccer
Marilyn Agliotti,F,29,172,58,Netherlands,NED,2008 Summer,Summer,Beijing,Hockey,Hockey Women's Hockey,Gold,09/08/1991,climbing/handball/indoor soccer
Marilyn Agliotti,F,33,172,58,Netherlands,NED,2012 Summer,Summer,London,Hockey,Hockey Women's Hockey,Gold,20/11/2012,climbing/handball/indoor soccer
Yannick Agnel,M,20,202,90,France,FRA,2012 Summer,Summer,London,Swimming,Swimming Men's 200 metres Freestyle,Gold,22/06/1934,climbing/handball/indoor soccer
Yannick Agnel,M,20,202,90,France,FRA,2012 Summer,Summer,London,Swimming,Swimming Men's 4 x 100 metres Freestyle Relay,Gold,07/06/1901,climbing/handball/indoor soccer
Yannick Agnel,M,20,202,90,France,FRA,2012 Summer,Summer,London,Swimming,Swimming Men's 4 x 200 metres Freestyle Relay,Silver,01/06/2014,climbing/handball/indoor soccer
Meghan Christina Agosta (-Marciano),F,18,168,67,Canada,CAN,2006 Winter,Winter,Torino,Ice Hockey,Ice Hockey Women's Ice Hockey,Gold,27/08/1964,climbing/handball/indoor soccer
Meghan Christina Agosta (-Marciano),F,23,168,67,Canada,CAN,2010 Winter,Winter,Vancouver,Ice Hockey,Ice Hockey Women's Ice Hockey,Gold,19/11/1963,climbing/handball/indoor soccer
Meghan Christina Agosta (-Marciano),F,26,168,67,Canada,CAN,2014 Winter,Winter,Sochi,Ice Hockey,Ice Hockey Women's Ice Hockey,Gold,12/06/1915,climbing/handball/indoor soccer
"Benjamin Alexandro ""Ben"" Agosto",M,24,178,75,United States-1,USA,2006 Winter,Winter,Torino,Figure Skating,Figure Skating Mixed Ice Dancing,Silver,08/12/1988,climbing/handball/indoor soccer
Judit goston-Mendelnyi,F,27,164,62,Hungary,HUN,1964 Summer,Summer,Tokyo,Fencing,Fencing Women's Foil Team,Gold,19/10/2010,climbing/handball/indoor soccer
Carlo Agostoni Faini,M,19,170,0,Italy,ITA,1928 Summer,Summer,Amsterdam,Fencing,Fencing Men's epee Team,Gold,07/12/1962,climbing/handball/indoor soccer
Carlo Agostoni Faini,M,23,170,0,Italy,ITA,1932 Summer,Summer,Los Angeles,Fencing,Fencing Men's epee Individual,Bronze,15/11/1928,climbing/handball/indoor soccer
Carlo Agostoni Faini,M,23,170,0,Italy,ITA,1932 Summer,Summer,Los Angeles,Fencing,Fencing Men's epee Team,Silver,30/04/1918,climbing/handball/indoor soccer
Carlo Agostoni Faini,M,39,170,0,Italy,ITA,1948 Summer,Summer,London,Fencing,Fencing Men's epee Team,Silver,29/08/1969,climbing/handball/indoor soccer
Erik Alfred gren,M,20,0,0,Sweden,SWE,1936 Summer,Summer,Berlin,Boxing,Boxing Men's Lightweight,Bronze,24/07/1930,climbing/handball/indoor soccer
Ioannis Agrimis,M,0,0,0,"Large boat, Central Naval Prep School ""Poros""-1",GRE,1906 Summer,Summer,Athina,Rowing,Rowing Men's 17-Man Naval Rowing Boats,Gold,23/10/1957,climbing/handball/indoor soccer
"Estella ""Stella"" Agsteribbe (-Blits)",F,19,0,0,Netherlands,NED,1928 Summer,Summer,Amsterdam,Gymnastics,Gymnastics Women's Team All-Around,Gold,08/08/1985,climbing/handball/indoor soccer
Sergio Leonel Agero del Castillo,M,20,172,74,Argentina,ARG,2008 Summer,Summer,Beijing,Football,Football Men's Football,Gold,11/09/1904,climbing/handball/indoor soccer
"Taismary ""Tai"" Agero Leiva (-Botteghi)",F,23,175,70,Cuba,CUB,2000 Summer,Summer,Sydney,Volleyball,Volleyball Women's Volleyball,Gold,08/12/1905,climbing/handball/indoor soccer
Jos Aguilar Pulsn,M,20,173,64,Cuba,CUB,1980 Summer,Summer,Moskva,Boxing,Boxing Men's Light-Welterweight,Bronze,28/08/1940,climbing/handball/indoor soccer
Sandra Aguilar Navarro,F,23,167,50,Spain,ESP,2016 Summer,Summer,Rio de Janeiro,Rhythmic Gymnastics,Rhythmic Gymnastics Women's Group,Silver,29/04/1938,climbing/handball/indoor soccer
Jorge Luis Aguilera Ruiz,M,26,172,64,Cuba,CUB,1992 Summer,Summer,Barcelona,Athletics,Athletics Men's 4 x 100 metres Relay,Bronze,14/08/1911,climbing/handball/indoor soccer
Sri Wahyuni Agustiani,F,21,147,47,Indonesia,I0,2016 Summer,Summer,Rio de Janeiro,Weightlifting,Weightlifting Women's Flyweight,Silver,02/07/1956,climbing/handball/indoor soccer
Robyn Mokihana Ah Mow-Santos,F,32,172,67,United States,USA,2008 Summer,Summer,Beijing,Volleyball,Volleyball Women's Volleyball,Silver,22/09/2006,climbing/handball/indoor soccer
Kevin Joseph Ahearn,M,23,175,73,United States,USA,1972 Winter,Winter,Sapporo,Ice Hockey,Ice Hockey Men's Ice Hockey,Silver,14/08/2008,climbing/handball/indoor soccer
"Timothy Joseph ""Tim"" Ahearne",M,22,170,57,Great Britain,GBR,1908 Summer,Summer,London,Athletics,Athletics Men's Triple Jump,Gold,17/11/2009,climbing/handball/indoor soccer
Bruno Valfrid Ahlberg,M,21,168,69.5,Finland,FIN,1932 Summer,Summer,Los Angeles,Boxing,Boxing Men's Welterweight,Bronze,12/02/2012,climbing/handball/indoor soccer
Mats Bertil hlberg,M,32,179,78,Sweden,SWE,1980 Winter,Winter,Lake Placid,Ice Hockey,Ice Hockey Men's Ice Hockey,Bronze,18/04/1998,climbing/handball/indoor soccer
Annica Gunilla hln,F,27,177,75,Sweden,SWE,2002 Winter,Winter,Salt Lake City,Ice Hockey,Ice Hockey Women's Ice Hockey,Bronze,13/02/1937,climbing/handball/indoor soccer
Johan Petter hln (Andersson-),M,44,0,0,Sweden,SWE,1924 Winter,Winter,Chamonix,Curling,Curling Men's Curling,Silver,13/07/1994,climbing/handball/indoor soccer
Thomas Valter hln,M,24,182,90,Sweden,SWE,1984 Winter,Winter,Sarajevo,Ice Hockey,Ice Hockey Men's Ice Hockey,Bronze,30/05/1909,climbing/handball/indoor soccer
Anselm Ahlfors,M,26,0,0,Finland,FIN,1924 Summer,Summer,Paris,Wrestling,Wrestling Men's Bantamweight Greco-Roman,Silver,26/05/1980,climbing/handball/indoor soccer
Anders Oscar Ahlgren,M,24,0,0,Sweden,SWE,1912 Summer,Summer,Stockholm,Wrestling,Wrestling Men's Middleweight B Greco-Roman,Silver,26/05/1935,climbing/handball/indoor soccer
George Lewis Ahlgren,M,19,0,0,United States,USA,1948 Summer,Summer,London,Rowing,Rowing Men's Coxed Eights,Gold,21/05/1940,climbing/handball/indoor soccer
Christian Ahlmann,M,29,189,80,Germany,GER,2004 Summer,Summer,Athina,Equestrianism,Equestrianism Mixed Jumping Team,Bronze,07/02/1915,climbing/handball/indoor soccer
Christian Ahlmann,M,41,189,80,Germany,GER,2016 Summer,Summer,Rio de Janeiro,Equestrianism,Equestrianism Mixed Jumping Team,Bronze,15/04/1969,climbing/handball/indoor soccer
Thure Johan Ahlqvist,M,25,0,0,Sweden,SWE,1932 Summer,Summer,Los Angeles,Boxing,Boxing Men's Lightweight,Silver,30/06/1963,climbing/handball/indoor soccer
"Sten Olov ""Olle"" hlund",M,31,0,0,Sweden,SWE,1952 Summer,Summer,Helsinki,Football,Football Men's Football,Bronze,14/12/1924,climbing/handball/indoor soccer
Tontowi Ahmad,M,29,179,72,Indonesia-1,I0,2016 Summer,Summer,Rio de Janeiro,Badminton,Badminton Mixed Doubles,Gold,07/01/1949,climbing/handball/indoor soccer
Arne Per hman,M,23,176,64,Sweden,SWE,1948 Summer,Summer,London,Athletics,Athletics Men's Triple Jump,Gold,04/06/1966,climbing/handball/indoor soccer
Jrg Ahmann,M,34,190,88,Germany-1,GER,2000 Summer,Summer,Sydney,Beach Volleyball,Beach Volleyball Men's Beach Volleyball,Bronze,03/09/1918,climbing/handball/indoor soccer
"Christine M. ""Crissy"" Ahmann-Leighton (-Perham)",F,22,172,52,United States,USA,1992 Summer,Summer,Barcelona,Swimming,Swimming Women's 4 x 100 metres Freestyle Relay,Gold,22/12/1977,climbing/handball/indoor soccer
"Christine M. ""Crissy"" Ahmann-Leighton (-Perham)",F,22,172,52,United States,USA,1992 Summer,Summer,Barcelona,Swimming,Swimming Women's 100 metres Butterfly,Silver,21/04/1918,climbing/handball/indoor soccer
"Christine M. ""Crissy"" Ahmann-Leighton (-Perham)",F,22,172,52,United States,USA,1992 Summer,Summer,Barcelona,Swimming,Swimming Women's 4 x 100 metres Medley Relay,Gold,27/11/1956,climbing/handball/indoor soccer
Muhammad Akhlaq Ahmed,M,20,0,0,Pakistan,PAK,1992 Summer,Summer,Barcelona,Hockey,Hockey Men's Hockey,Bronze,22/11/1937,climbing/handball/indoor soccer
Muhammad Ashfaq Ahmed,M,21,162,62,Pakistan,PAK,1968 Summer,Summer,Mexico City,Hockey,Hockey Men's Hockey,Gold,20/07/1973,climbing/handball/indoor soccer
Bashir Ahmed,M,25,171,67,Pakistan,PAK,1960 Summer,Summer,Roma,Hockey,Hockey Men's Hockey,Gold,06/01/1922,climbing/handball/indoor soccer
Ishtiaq Ahmed,M,21,170,62,Pakistan,PAK,1984 Summer,Summer,Los Angeles,Hockey,Hockey Men's Hockey,Gold,21/12/1992,climbing/handball/indoor soccer
Manzoor Ahmed,M,24,169,75,Pakistan,PAK,1992 Summer,Summer,Barcelona,Hockey,Hockey Men's Hockey,Bronze,27/05/2013,climbing/handball/indoor soccer
Mushtaq Ahmed,M,28,170,70,Pakistan,PAK,1984 Summer,Summer,Los Angeles,Hockey,Hockey Men's Hockey,Gold,01/04/1913,climbing/handball/indoor soccer
Mushtaq Ahmed,M,27,173,61,Pakistan,PAK,1960 Summer,Summer,Roma,Hockey,Hockey Men's Hockey,Gold,09/01/1958,climbing/handball/indoor soccer
Riaz Ahmed,M,27,150,70,Pakistan,PAK,1968 Summer,Summer,Mexico City,Hockey,Hockey Men's Hockey,Gold,15/04/1926,climbing/handball/indoor soccer
Riaz Ahmed,M,30,150,70,Pakistan,PAK,1972 Summer,Summer,Munich,Hockey,Hockey Men's Hockey,Silver,08/07/1950,climbing/handball/indoor soccer
Shahbaz Ahmed,M,23,175,61,Pakistan,PAK,1992 Summer,Summer,Barcelona,Hockey,Hockey Men's Hockey,Bronze,24/12/1923,climbing/handball/indoor soccer
Arthur Ahnger,M,26,0,0,Lucky Girl-1,FIN,1912 Summer,Summer,Stockholm,Sailing,Sailing Mixed 8 metres,Bronze,18/12/1959,climbing/handball/indoor soccer
Janne Petteri Ahonen,M,24,184,66,Finland,FIN,2002 Winter,Winter,Salt Lake City,Ski Jumping,Ski Jumping Men's Large Hill Team,Silver,16/10/1948,climbing/handball/indoor soccer
Peter Ahrendt,M,30,169,66,Mutafo,GER,1964 Summer,Summer,Tokyo,Sailing,Sailing Mixed Three Person Keelboat,Silver,15/01/1972,climbing/handball/indoor soccer
Brigitte Ahrenholz,F,23,178,85,East Germany,GDR,1976 Summer,Summer,Montreal,Rowing,Rowing Women's Coxed Eights,Gold,26/03/1975,climbing/handball/indoor soccer
"Christian ""Chris"" Ahrens",M,28,195,97,United States,USA,2004 Summer,Summer,Athina,Rowing,Rowing Men's Coxed Eights,Gold,05/08/1985,climbing/handball/indoor soccer
Marlene Ahrens Ostertag (-Ebensperger),F,23,176,70,Chile,CHI,1956 Summer,Summer,Melbourne,Athletics,Athletics Women's Javelin Throw,Silver,28/03/1955,climbing/handball/indoor soccer
Thomas Ahrens,M,16,163,50,Germany,GER,1964 Summer,Summer,Tokyo,Rowing,Rowing Men's Coxed Eights,Silver,02/11/1958,climbing/handball/indoor soccer
Matteo Aicardi,M,26,192,102,Italy,ITA,2012 Summer,Summer,London,Water Polo,Water Polo Men's Water Polo,Silver,22/11/1972,climbing/handball/indoor soccer
Matteo Aicardi,M,30,192,102,Italy,ITA,2016 Summer,Summer,Rio de Janeiro,Water Polo,Water Polo Men's Water Polo,Bronze,15/05/1939,climbing/handball/indoor soccer
Mara Magdalena Aicega Amicarelli,F,26,165,60,Argentina,ARG,2000 Summer,Summer,Sydney,Hockey,Hockey Women's Hockey,Silver,12/09/1966,climbing/handball/indoor soccer
Mara Magdalena Aicega Amicarelli,F,30,165,60,Argentina,ARG,2004 Summer,Summer,Athina,Hockey,Hockey Women's Hockey,Bronze,25/05/2012,climbing/handball/indoor soccer
Mara Magdalena Aicega Amicarelli,F,34,165,60,Argentina,ARG,2008 Summer,Summer,Beijing,Hockey,Hockey Women's Hockey,Bronze,07/05/1920,climbing/handball/indoor soccer
Hans Aichele,M,24,0,0,Switzerland-1,SUI,1936 Winter,Winter,Garmisch-Partenkirchen,Bobsleigh,Bobsleigh Men's Four,Silver,04/01/2013,climbing/handball/indoor soccer
Rosaria Aiello,F,27,172,74,Italy,ITA,2016 Summer,Summer,Rio de Janeiro,Water Polo,Water Polo Women's Water Polo,Silver,24/07/1900,climbing/handball/indoor soccer
Franz Aigner,M,32,0,107,Austria,AUT,1924 Summer,Summer,Paris,Weightlifting,Weightlifting Men's Heavyweight,Silver,29/10/2000,climbing/handball/indoor soccer
Hannes Aigner,M,23,183,75,Germany,GER,2012 Summer,Summer,London,Canoeing,Canoeing Men's Kayak Singles Slalom,Bronze,08/02/1997,climbing/handball/indoor soccer
Nobuyuki Aihara,M,21,154,53,Japan,JPN,1956 Summer,Summer,Melbourne,Gymnastics,Gymnastics Men's Team All-Around,Silver,16/04/2002,climbing/handball/indoor soccer
Nobuyuki Aihara,M,21,154,53,Japan,JPN,1956 Summer,Summer,Melbourne,Gymnastics,Gymnastics Men's Floor Exercise,Silver,20/12/1919,climbing/handball/indoor soccer
Nobuyuki Aihara,M,25,154,53,Japan,JPN,1960 Summer,Summer,Roma,Gymnastics,Gymnastics Men's Team All-Around,Gold,02/05/1903,climbing/handball/indoor soccer
Nobuyuki Aihara,M,25,154,53,Japan,JPN,1960 Summer,Summer,Roma,Gymnastics,Gymnastics Men's Floor Exercise,Gold,07/03/1952,climbing/handball/indoor soccer
Yutaka Aihara,M,21,156,55,Japan,JPN,1992 Summer,Summer,Barcelona,Gymnastics,Gymnastics Men's Team All-Around,Bronze,02/02/1912,climbing/handball/indoor soccer
Alexander Michael Hirst Aikman,M,23,0,0,Australia,AUS,1956 Summer,Summer,Melbourne,Rowing,Rowing Men's Coxed Eights,Bronze,25/11/1941,climbing/handball/indoor soccer
"Charles Benedict ""Ben"" Ainslie",M,19,183,90,Great Britain,GBR,1996 Summer,Summer,Atlanta,Sailing,Sailing Mixed One Person Dinghy,Silver,08/06/2011,climbing/handball/indoor soccer
"Charles Benedict ""Ben"" Ainslie",M,23,183,90,Great Britain,GBR,2000 Summer,Summer,Sydney,Sailing,Sailing Mixed One Person Dinghy,Gold,09/11/1954,climbing/handball/indoor soccer
"Charles Benedict ""Ben"" Ainslie",M,27,183,90,Great Britain,GBR,2004 Summer,Summer,Athina,Sailing,Sailing Men's One Person Dinghy,Gold,10/04/1903,climbing/handball/indoor soccer
"Charles Benedict ""Ben"" Ainslie",M,31,183,90,Great Britain,GBR,2008 Summer,Summer,Beijing,Sailing,Sailing Mixed One Person Dinghy,Gold,11/07/2012,climbing/handball/indoor soccer
"Charles Benedict ""Ben"" Ainslie",M,35,183,90,Great Britain,GBR,2012 Summer,Summer,London,Sailing,Sailing Men's One Person Heavyweight Dinghy,Gold,10/03/1961,climbing/handball/indoor soccer
Kurt Harold Ainsworth,M,22,187,84,United States,USA,2000 Summer,Summer,Sydney,Baseball,Baseball Men's Baseball,Gold,24/04/1989,climbing/handball/indoor soccer
John Creyghton Ainsworth-Davis,M,25,0,0,Great Britain,GBR,1920 Summer,Summer,Antwerpen,Athletics,Athletics Men's 4 x 400 metres Relay,Gold,02/10/1966,climbing/handball/indoor soccer
Robin Allingham Aisher,M,34,185,85,Great Britain,GBR,1968 Summer,Summer,Mexico City,Sailing,Sailing Mixed 5.5 metres,"Bronze"",",26/06/1983,climbing/handball/indoor soccer
"Gordon ""Gord"" Aitchison",M,27,0,0,Canada,CAN,1936 Summer,Summer,Berlin,Basketball,Basketball Men's Basketball,Silver,26/07/2015,climbing/handball/indoor soccer
Frances Helen Aitchison (-Leisk),F,30,0,0,Great Britain-1,GBR,1912 Summer,Summer,Stockholm,Tennis,Tennis Mixed Doubles,Silver,27/12/1984,climbing/handball/indoor soccer
Brett Aitken,M,21,173,65,Australia,AUS,1992 Summer,Summer,Barcelona,Cycling,Cycling Men's Team Pursuit 4.000 metres,Silver,27/05/1952,climbing/handball/indoor soccer
Brett Aitken,M,25,173,65,Australia,AUS,1996 Summer,Summer,Atlanta,Cycling,Cycling Men's Team Pursuit 4.000 metres,Bronze,30/08/1974,climbing/handball/indoor soccer
Brett Aitken,M,29,173,65,Australia,AUS,2000 Summer,Summer,Sydney,Cycling,Cycling Men's Madison,Gold,18/09/1993,climbing/handball/indoor soccer
Vladimir Atoff,M,20,0,0,Union des Socits Franais de Sports Athletiques,FRA,1900 Summer,Summer,Paris,Rugby,Rugby Men's Rugby,Gold,16/09/1948,climbing/handball/indoor soccer
Artur Surenovych Aivazian,M,35,177,88,Ukraine,UKR,2008 Summer,Summer,Beijing,Shooting,Shooting Men's Small-Bore Rifle,Gold,04/01/1987,baseball/cycling/rugby
Eirini Andili,F,17,167,45,Greece,GRE,2000 Summer,Summer,Sydney,Rhythmic Gymnastics,Rhythmic Gymnastics Women's Group,Bronze,09/07/1996,baseball/cycling/rugby
"Oluwafemi ""Junior"" Ajayi",M,20,172,79,Nigeria,NGR,2016 Summer,Summer,Rio de Janeiro,Football,Football Men's Football,Bronze,05/11/2006,baseball/cycling/rugby
Omar Ajete Iglesias,M,27,175,93,Cuba,CUB,1992 Summer,Summer,Barcelona,Baseball,Baseball Men's Baseball,Gold,22/10/1915,baseball/cycling/rugby
Omar Ajete Iglesias,M,31,175,93,Cuba,CUB,1996 Summer,Summer,Atlanta,Baseball,Baseball Men's Baseball,Gold,03/01/1950,baseball/cycling/rugby
Omar Ajete Iglesias,M,35,175,93,Cuba,CUB,2000 Summer,Summer,Sydney,Baseball,Baseball Men's Baseball,Silver,10/02/1936,baseball/cycling/rugby
"Ebenezer Oluwafemi ""Femi"" Ajilore",M,23,185,75,Nigeria,NGR,2008 Summer,Summer,Beijing,Football,Football Men's Football,Silver,02/01/1962,baseball/cycling/rugby
Mobolade Abimbola Ajomale,M,20,180,62,Canada,CAN,2016 Summer,Summer,Rio de Janeiro,Athletics,Athletics Men's 4 x 100 metres Relay,Bronze,03/06/1908,baseball/cycling/rugby
Chioma Ajunwa (-Opara),F,24,164,57,Nigeria,NGR,1996 Summer,Summer,Atlanta,Athletics,Athletics Women's Long Jump,Gold,14/01/2008,baseball/cycling/rugby
Kriss Kezie Uche Chukwu Duru Akabusi,M,25,185,81,Great Britain,GBR,1984 Summer,Summer,Los Angeles,Athletics,Athletics Men's 4 x 400 metres Relay,Silver,20/12/1963,baseball/cycling/rugby
Kriss Kezie Uche Chukwu Duru Akabusi,M,33,185,81,Great Britain,GBR,1992 Summer,Summer,Barcelona,Athletics,Athletics Men's 400 metres Hurdles,Bronze,05/02/1911,baseball/cycling/rugby
Kriss Kezie Uche Chukwu Duru Akabusi,M,33,185,81,Great Britain,GBR,1992 Summer,Summer,Barcelona,Athletics,Athletics Men's 4 x 400 metres Relay,Bronze,19/11/1998,baseball/cycling/rugby
Kosei Akaishi,M,19,172,74,Japan,JPN,1984 Summer,Summer,Los Angeles,Wrestling,Wrestling Men's Featherweight Freestyle,Silver,12/09/1919,baseball/cycling/rugby
Kosei Akaishi,M,27,172,74,Japan,JPN,1992 Summer,Summer,Barcelona,Wrestling,Wrestling Men's Lightweight Freestyle,Bronze,30/05/1958,baseball/cycling/rugby
Nasuh Akar,M,23,0,0,Turkey,TUR,1948 Summer,Summer,London,Wrestling,Wrestling Men's Bantamweight Freestyle,Gold,07/09/1931,baseball/cycling/rugby
Yuichi Akasaka,M,24,169,64,Japan,JPN,1992 Winter,Winter,Albertville,Short Track Speed Skating,Short Track Speed Skating Men's 5.000 metres Relay,Bronze,11/07/1937,baseball/cycling/rugby
Hseyin Akba,M,0,167,57,Turkey,TUR,1956 Summer,Summer,Melbourne,Wrestling,Wrestling Men's Flyweight Freestyle,Bronze,22/06/1944,baseball/cycling/rugby
Hseyin Akba,M,0,167,57,Turkey,TUR,1964 Summer,Summer,Tokyo,Wrestling,Wrestling Men's Bantamweight Freestyle,Silver,07/06/1967,baseball/cycling/rugby
Vehbi Akda,M,23,168,62,Turkey,TUR,1972 Summer,Summer,Munich,Wrestling,Wrestling Men's Featherweight Freestyle,Silver,23/04/1920,baseball/cycling/rugby
Ernst Gunnar kerlund,M,24,0,0,Sweden,SWE,1948 Summer,Summer,London,Canoeing,Canoeing Men's Kayak Doubles 10.000 metres,Gold,11/03/1928,baseball/cycling/rugby
Ernst Gunnar kerlund,M,28,0,0,Sweden,SWE,1952 Summer,Summer,Helsinki,Canoeing,Canoeing Men's Kayak Doubles 10.000 metres,Silver,27/12/1950,baseball/cycling/rugby
Olle Erik Curys kerlund,M,20,0,0,Bissbi,SWE,1932 Summer,Summer,Los Angeles,Sailing,Sailing Mixed 6 metres,Gold,01/08/2012,baseball/cycling/rugby
Michelle Anne Akers,F,30,178,68,United States,USA,1996 Summer,Summer,Atlanta,Football,Football Women's Football,Gold,15/11/1918,baseball/cycling/rugby
Taha Akgl,M,25,192,125,Turkey,TUR,2016 Summer,Summer,Rio de Janeiro,Wrestling,Wrestling Men's Super-Heavyweight Freestyle,Gold,28/06/1959,baseball/cycling/rugby
Yelena Rabigovna Akhaminova (-Sokolovskaya),F,18,181,80,Soviet Union,URS,1980 Summer,Summer,Moskva,Volleyball,Volleyball Women's Volleyball,Gold,10/12/1969,baseball/cycling/rugby
Albina Khamitovna Akhatova,F,21,160,55,Russia,RUS,1998 Winter,Winter,Nagano,Biathlon,Biathlon Women's 4 x 7.5 kilometres Relay,Silver,12/05/1918,baseball/cycling/rugby
Albina Khamitovna Akhatova,F,25,160,55,Russia,RUS,2002 Winter,Winter,Salt Lake City,Biathlon,Biathlon Women's 4 x 7.5 kilometres Relay,Bronze,19/04/1928,baseball/cycling/rugby
Albina Khamitovna Akhatova,F,29,160,55,Russia,RUS,2006 Winter,Winter,Torino,Biathlon,Biathlon Women's 10 kilometres Pursuit,Bronze,29/11/1977,baseball/cycling/rugby
Albina Khamitovna Akhatova,F,29,160,55,Russia,RUS,2006 Winter,Winter,Torino,Biathlon,Biathlon Women's 15 kilometres,Bronze,04/06/1978,baseball/cycling/rugby
Albina Khamitovna Akhatova,F,29,160,55,Russia,RUS,2006 Winter,Winter,Torino,Biathlon,Biathlon Women's 4 x 6 kilometres Relay,Gold,03/05/1968,baseball/cycling/rugby
Murodzhon Kakharovich Akhmadaliyev,M,21,165,56,Uzbekistan,UZB,2016 Summer,Summer,Rio de Janeiro,Boxing,Boxing Men's Bantamweight,Bronze,11/09/1993,baseball/cycling/rugby
Artur Kamilevich Akhmatkhuzin,M,28,187,79,Russia,RUS,2016 Summer,Summer,Rio de Janeiro,Fencing,Fencing Men's Foil Team,Gold,28/05/1955,baseball/cycling/rugby
Bakhtiyar Shakhabutdinovich Akhmedov,M,21,190,120,Russia,RUS,2008 Summer,Summer,Beijing,Wrestling,Wrestling Men's Super-Heavyweight Freestyle,Silver,11/08/1949,baseball/cycling/rugby
Lyutvi Dzhiber Akhmedov,M,34,184,87,Bulgaria,BUL,1964 Summer,Summer,Tokyo,Wrestling,Wrestling Men's Heavyweight Freestyle,Silver,21/11/1916,baseball/cycling/rugby
Leyla Begnyazovna Akhmerova,F,23,160,52,Soviet Union,URS,1980 Summer,Summer,Moskva,Hockey,Hockey Women's Hockey,Bronze,18/05/1952,baseball/cycling/rugby
Igor Vladimirovich Akhremchik,M,26,180,79,Soviet Union,URS,1960 Summer,Summer,Roma,Rowing,Rowing Men's Coxless Fours,Bronze,20/06/1960,baseball/cycling/rugby
Gulraiz Akhtar,M,25,172,61,Pakistan,PAK,1968 Summer,Summer,Mexico City,Hockey,Hockey Men's Hockey,Gold,04/04/1969,baseball/cycling/rugby
Naeem Akhtar,M,23,173,65,Pakistan,PAK,1984 Summer,Summer,Los Angeles,Hockey,Hockey Men's Hockey,Gold,14/12/1908,baseball/cycling/rugby
John Akii-Bua,M,22,188,77,Uganda,UGA,1972 Summer,Summer,Munich,Athletics,Athletics Men's 400 metres Hurdles,Gold,19/09/2013,baseball/cycling/rugby
Anatoly Ivanovich Akimov,M,24,181,84,Soviet Union,URS,1972 Summer,Summer,Munich,Water Polo,Water Polo Men's Water Polo,Gold,05/01/1954,baseball/cycling/rugby
Vladimir Ivanovich Akimov,M,27,184,80,Soviet Union,URS,1980 Summer,Summer,Moskva,Water Polo,Water Polo Men's Water Polo,Gold,26/06/1951,baseball/cycling/rugby
Morolake Akinosun,F,22,163,61,United States,USA,2016 Summer,Summer,Rio de Janeiro,Athletics,Athletics Women's 4 x 100 metres Relay,Gold,03/09/1911,baseball/cycling/rugby
Foluke Antinuke Akinradewo,F,24,191,79,United States,USA,2012 Summer,Summer,London,Volleyball,Volleyball Women's Volleyball,Silver,07/06/1906,baseball/cycling/rugby
Foluke Antinuke Akinradewo,F,28,191,79,United States,USA,2016 Summer,Summer,Rio de Janeiro,Volleyball,Volleyball Women's Volleyball,Bronze,06/02/1997,baseball/cycling/rugby
Khadzhimurat Magomedovich Akkayev,M,19,178,105,Russia,RUS,2004 Summer,Summer,Athina,Weightlifting,Weightlifting Men's Middle-Heavyweight,Silver,07/07/2012,baseball/cycling/rugby
Khadzhimurat Magomedovich Akkayev,M,23,178,105,Russia,RUS,2008 Summer,Summer,Beijing,Weightlifting,Weightlifting Men's Middle-Heavyweight,Bronze,09/04/1980,baseball/cycling/rugby
Marina Dazmirovna Akobiya,F,25,165,57,Russia,RUS,2000 Summer,Summer,Sydney,Water Polo,Water Polo Women's Water Polo,Bronze,15/09/1980,baseball/cycling/rugby
Artur Vladimirovich Akoyev,M,26,0,109,Unified Team,EUN,1992 Summer,Summer,Barcelona,Weightlifting,Weightlifting Men's Heavyweight II,Silver,27/02/1932,baseball/cycling/rugby
Daniel Akpeyi,M,30,187,80,Nigeria,NGR,2016 Summer,Summer,Rio de Janeiro,Football,Football Men's Football,Bronze,17/01/2013,baseball/cycling/rugby
Monica Aksamit,F,26,183,74,United States,USA,2016 Summer,Summer,Rio de Janeiro,Fencing,Fencing Women's Sabre Team,Bronze,07/05/1973,baseball/cycling/rugby
Liudmyla Vasylivna Aksenova (Shapovalova-),F,29,165,58,Soviet Union,URS,1976 Summer,Summer,Montreal,Athletics,Athletics Women's 4 x 400 metres Relay,Bronze,26/09/1961,baseball/cycling/rugby
Aleksandr Timofeyevich Aksinin,M,21,173,67,Soviet Union,URS,1976 Summer,Summer,Montreal,Athletics,Athletics Men's 4 x 100 metres Relay,Bronze,06/09/1908,baseball/cycling/rugby
Aleksandr Timofeyevich Aksinin,M,25,173,67,Soviet Union,URS,1980 Summer,Summer,Moskva,Athletics,Athletics Men's 4 x 100 metres Relay,Gold,21/03/1969,baseball/cycling/rugby
Nikolay Aleksandrovich Aksyonov,M,26,201,100,Russia,RUS,1996 Summer,Summer,Atlanta,Rowing,Rowing Men's Coxed Eights,Bronze,13/11/1951,baseball/cycling/rugby
Irina Anatolyevna Aksyonova,F,17,174,62,Soviet Union,URS,1980 Summer,Summer,Moskva,Swimming,Swimming Women's 4 x 100 metres Medley Relay,Bronze,16/09/1948,baseball/cycling/rugby
Vladyslav Ivanovych Akymenko,M,23,192,88,Soviet Union,URS,1976 Summer,Summer,Montreal,Sailing,Sailing Mixed Two Person Keelboat,Silver,15/01/1947,baseball/cycling/rugby
Naser Al Shami,M,22,187,81,Syria,SYR,2004 Summer,Summer,Athina,Boxing,Boxing Men's Heavyweight,Bronze,07/07/1949,baseball/cycling/rugby
Nasser Salih Nasser Abdullah Al-Attiya,M,41,178,82,Qatar,QAT,2012 Summer,Summer,London,Shooting,Shooting Men's Skeet,Bronze,14/03/1939,baseball/cycling/rugby
Fehaid Al-Deehani,M,33,178,95,Kuwait,KUW,2000 Summer,Summer,Sydney,Shooting,Shooting Men's Double Trap,Bronze,20/08/1933,baseball/cycling/rugby
Fehaid Al-Deehani,M,45,178,95,Kuwait,KUW,2012 Summer,Summer,London,Shooting,Shooting Men's Trap,Bronze,25/02/1909,baseball/cycling/rugby
Fehaid Al-Deehani,M,49,178,95,Individual Olympic Athletes,IOA,2016 Summer,Summer,Rio de Janeiro,Shooting,Shooting Men's Double Trap,Gold,08/03/2007,baseball/cycling/rugby
Ramzy Al-Duhami,M,40,162,70,Saudi Arabia,KSA,2012 Summer,Summer,London,Equestrianism,Equestrianism Mixed Jumping Team,Bronze,05/06/1987,baseball/cycling/rugby
Khaled Al-Eid,M,31,175,57,Saudi Arabia,KSA,2000 Summer,Summer,Sydney,Equestrianism,Equestrianism Mixed Jumping Individual,Bronze,10/08/1963,baseball/cycling/rugby
Abdul Rashid Al-Hasan,M,25,170,63,Pakistan,PAK,1984 Summer,Summer,Los Angeles,Hockey,Hockey Men's Hockey,Gold,27/03/1988,baseball/cycling/rugby
Ahmed bin Hasher Al-Maktoum,M,40,175,67,United Arab Emirates,UAE,2004 Summer,Summer,Athina,Shooting,Shooting Men's Double Trap,Gold,01/05/1990,baseball/cycling/rugby
Abdullah Al-Rashidi,M,52,183,83,Individual Olympic Athletes,IOA,2016 Summer,Summer,Rio de Janeiro,Shooting,Shooting Men's Skeet,Bronze,11/02/1986,baseball/cycling/rugby
Prince Abdullah Bin Moteb Al-Saud,M,27,178,69,Saudi Arabia,KSA,2012 Summer,Summer,London,Equestrianism,Equestrianism Mixed Jumping Team,Bronze,01/07/1919,baseball/cycling/rugby
Hadi Soua'an Al-Somaily Jaadan,M,23,191,72,Saudi Arabia,KSA,2000 Summer,Summer,Sydney,Athletics,Athletics Men's 400 metres Hurdles,Silver,20/07/1992,baseball/cycling/rugby
Marina Alabau Neira,F,26,164,55,Spain,ESP,2012 Summer,Summer,London,Sailing,Sailing Women's Windsurfer,Gold,22/05/2000,baseball/cycling/rugby
Armenak Alachachyan,M,33,176,74,Soviet Union,URS,1964 Summer,Summer,Tokyo,Basketball,Basketball Men's Basketball,Silver,30/03/1987,baseball/cycling/rugby
Arsen Shakhlamazovich Alakhverdiyev,M,23,154,52,Soviet Union,URS,1972 Summer,Summer,Munich,Wrestling,Wrestling Men's Flyweight Freestyle,Silver,27/01/1942,baseball/cycling/rugby
Noor Alam,M,26,172,73,Pakistan,PAK,1956 Summer,Summer,Melbourne,Hockey,Hockey Men's Hockey,Silver,07/10/1990,baseball/cycling/rugby
Noor Alam,M,30,172,73,Pakistan,PAK,1960 Summer,Summer,Roma,Hockey,Hockey Men's Hockey,Gold,08/08/1929,baseball/cycling/rugby
Vladan Alanovi,M,25,190,81,Croatia,CRO,1992 Summer,Summer,Barcelona,Basketball,Basketball Men's Basketball,Silver,02/03/1928,baseball/cycling/rugby
Mika Antero Alatalo,M,22,182,85,Finland,FIN,1994 Winter,Winter,Lillehammer,Ice Hockey,Ice Hockey Men's Ice Hockey,Bronze,16/05/1964,baseball/cycling/rugby
Toimi Johannes Alatalo,M,30,174,67,Finland,FIN,1960 Winter,Winter,Squaw Valley,Cross Country Skiing,Cross Country Skiing Men's 4 x 10 kilometres Relay,Gold,28/03/1905,baseball/cycling/rugby
Fabio Albarelli,M,25,179,80,Italy,ITA,1968 Summer,Summer,Mexico City,Sailing,Sailing Mixed One Person Dinghy,Bronze,30/06/2002,baseball/cycling/rugby
Marco Albarello,M,31,187,84,Italy,ITA,1992 Winter,Winter,Albertville,Cross Country Skiing,Cross Country Skiing Men's 10 kilometres,Silver,30/12/1927,baseball/cycling/rugby
Marco Albarello,M,31,187,84,Italy,ITA,1992 Winter,Winter,Albertville,Cross Country Skiing,Cross Country Skiing Men's 4 x 10 kilometres Relay,Silver,10/07/1913,baseball/cycling/rugby
Marco Albarello,M,33,187,84,Italy,ITA,1994 Winter,Winter,Lillehammer,Cross Country Skiing,Cross Country Skiing Men's 10 kilometres,Bronze,04/01/2004,baseball/cycling/rugby
Marco Albarello,M,33,187,84,Italy,ITA,1994 Winter,Winter,Lillehammer,Cross Country Skiing,Cross Country Skiing Men's 4 x 10 kilometres Relay,Gold,25/11/1936,baseball/cycling/rugby
Marco Albarello,M,37,187,84,Italy,ITA,1998 Winter,Winter,Nagano,Cross Country Skiing,Cross Country Skiing Men's 4 x 10 kilometres Relay,Silver,22/02/1912,baseball/cycling/rugby
Pierre Henri Maurice Albarran,M,26,0,0,France-3,FRA,1920 Summer,Summer,Antwerpen,Tennis,Tennis Men's Doubles,Bronze,24/07/1989,baseball/cycling/rugby
Ruslan Vladimirovich Albegov,M,24,192,156,Russia,RUS,2012 Summer,Summer,London,Weightlifting,Weightlifting Men's Super-Heavyweight,Bronze,04/06/1999,baseball/cycling/rugby
David Albelda Aliqus,M,23,182,75,Spain,ESP,2000 Summer,Summer,Sydney,Football,Football Men's Football,Silver,04/11/1929,baseball/cycling/rugby
Reinhard Alber,M,20,184,75,West Germany,FRG,1984 Summer,Summer,Los Angeles,Cycling,Cycling Men's Team Pursuit 4.000 metres,Bronze,06/07/1910,baseball/cycling/rugby
Alberto Alberani Samaritani,M,29,192,82,Italy,ITA,1976 Summer,Summer,Montreal,Water Polo,Water Polo Men's Water Polo,Silver,02/07/1950,baseball/cycling/rugby
A. Albert,M,0,0,0,Union des Socits Franais de Sports Athletiques,FRA,1900 Summer,Summer,Paris,Rugby,Rugby Men's Rugby,Gold,19/09/1971,baseball/cycling/rugby
Auguste Albert,M,0,0,0,Martha-1,FRA,1900 Summer,Summer,Paris,Sailing,Sailing Mixed 1-2 Ton,Silver,05/01/1992,baseball/cycling/rugby
Auguste Albert,M,0,0,0,Martha-1,FRA,1900 Summer,Summer,Paris,Sailing,Sailing Mixed 1-2 Ton,Bronze,27/08/1994,baseball/cycling/rugby
Nely Carla Alberto Francisca,F,29,179,90,Spain,ESP,2012 Summer,Summer,London,Handball,Handball Women's Handball,Bronze,10/03/2004,baseball/cycling/rugby
Georg Albert Christian Albertsen,M,30,0,0,Denmark,DEN,1920 Summer,Summer,Antwerpen,Gymnastics,Gymnastics Men's Team All-Around,Gold,26/03/1996,baseball/cycling/rugby
Ebbe Gustav Bertil Albertsson (-Andersson),M,26,177,67,Sweden,SWE,1948 Summer,Summer,London,Athletics,Athletics Men's 10.000 metres,Bronze,08/03/1906,baseball/cycling/rugby
Abramo Albini,M,20,180,83,Italy,ITA,1968 Summer,Summer,Mexico City,Rowing,Rowing Men's Coxless Fours,Bronze,26/05/1925,baseball/cycling/rugby
Islam-Beka Said-Tsilimovich Albiyev,M,19,165,66,Russia,RUS,2008 Summer,Summer,Beijing,Wrestling,Wrestling Men's Lightweight Greco-Roman,Gold,25/09/1929,baseball/cycling/rugby
Mile Albrecht,M,0,0,0,Switzerland,SUI,1924 Summer,Summer,Paris,Rowing,Rowing Men's Coxless Fours,Bronze,02/11/1910,baseball/cycling/rugby
Mile Albrecht,M,0,0,0,Switzerland,SUI,1924 Summer,Summer,Paris,Rowing,Rowing Men's Coxed Fours,Gold,11/09/1983,baseball/cycling/rugby
Sylvia Albrecht (-Heckendorf),F,17,165,57,East Germany,GDR,1980 Winter,Winter,Lake Placid,Speed Skating,Speed Skating Women's 1.000 metres,Bronze,29/10/1947,baseball/cycling/rugby
Brigitte Albrecht-Loretan,F,31,175,64,Switzerland,SUI,2002 Winter,Winter,Salt Lake City,Cross Country Skiing,Cross Country Skiing Women's 4 x 5 kilometres Relay,Bronze,16/06/1966,baseball/cycling/rugby
John Robert Albrechtson,M,39,181,67,Sweden,SWE,1976 Summer,Summer,Montreal,Sailing,Sailing Mixed Two Person Keelboat,Gold,01/08/1963,baseball/cycling/rugby
Tenley Emma Albright,F,16,0,0,United States,USA,1952 Winter,Winter,Oslo,Figure Skating,Figure Skating Women's Singles,03/02/1948,baseball/cycling/rugby,
Tenley Emma Albright (-Gardiner,F,20,0,0,United States,USA,1956 Winter,Winter,Cortina d'Ampezzo,Figure Skating,Figure Skating Women's Singles,31/05/1995,baseball/cycling/rugby,
"David Donald ""Dave"" Albritton",M,23,191,79,United States,USA,1936 Summer,Summer,Berlin,Athletics,Athletics Men's High Jump,Silver,25/03/1952,baseball/cycling/rugby
Anatoly Mikhaylovich Albul,M,24,181,87,Soviet Union,URS,1960 Summer,Summer,Roma,Wrestling,Wrestling Men's Light-Heavyweight Freestyle,Bronze,04/05/1949,baseball/cycling/rugby
Aldair Nascimento dos Santos,M,30,183,76,Brazil,BRA,1996 Summer,Summer,Atlanta,Football,Football Men's Football,Bronze,11/03/1910,baseball/cycling/rugby
Andrs Aldama Cabrera,M,20,183,63,Cuba,CUB,1976 Summer,Summer,Montreal,Boxing,Boxing Men's Light-Welterweight,Silver,24/04/1902,baseball/cycling/rugby
Andrs Aldama Cabrera,M,24,183,63,Cuba,CUB,1980 Summer,Summer,Moskva,Boxing,Boxing Men's Welterweight,Gold,18/04/2012,baseball/cycling/rugby
Cyril Albert Alden,M,0,0,0,Great Britain,GBR,1920 Summer,Summer,Antwerpen,Cycling,Cycling Men's Team Pursuit 4.000 metres,Silver,01/10/1956,baseball/cycling/rugby
Cyril Albert Alden,M,0,0,0,Great Britain,GBR,1920 Summer,Summer,Antwerpen,Cycling,Cycling Men's 50 kilometres,Silver,08/06/1922,baseball/cycling/rugby
Cyril Albert Alden,M,0,0,0,Great Britain,GBR,1924 Summer,Summer,Paris,Cycling,Cycling Men's 50 kilometres,Silver,19/01/2014,baseball/cycling/rugby
"Frederick Pitt ""Fred"" Alderman",M,22,177,75,United States,USA,1928 Summer,Summer,Amsterdam,Athletics,Athletics Men's 4 x 400 metres Relay,Gold,04/08/1940,baseball/cycling/rugby
"Joan ""Jody"" Alderson (-Braskamp)",F,17,170,59,United States,USA,1952 Summer,Summer,Helsinki,Swimming,Swimming Women's 4 x 100 metres Freestyle Relay,Bronze,15/02/1926,baseball/cycling/rugby
David Alegre Biosca,M,23,184,75,Spain,ESP,2008 Summer,Summer,Beijing,Hockey,Hockey Men's Hockey,Silver,26/08/1926,baseball/cycling/rugby
Ramn Alegre Biosca,M,27,171,71,Spain,ESP,2008 Summer,Summer,Beijing,Hockey,Hockey Men's Hockey,Silver,16/07/1903,baseball/cycling/rugby
Jo Qesem Ayela Aleh,F,26,171,58,New Zealand,NZL,2012 Summer,Summer,London,Sailing,Sailing Women's Two Person Dinghy,Gold,18/08/1951,baseball/cycling/rugby
Jo Qesem Ayela Aleh,F,30,171,58,New Zealand,NZL,2016 Summer,Summer,Rio de Janeiro,Sailing,Sailing Women's Two Person Dinghy,Silver,11/12/1905,baseball/cycling/rugby
Virgilijus Alekna,M,28,200,130,Lithuania,LTU,2000 Summer,Summer,Sydney,Athletics,Athletics Men's Discus Throw,Gold,24/01/2007,baseball/cycling/rugby
Boris Viktorovich Aleksandrov,M,20,168,69,Soviet Union,URS,1976 Winter,Winter,Innsbruck,Ice Hockey,Ice Hockey Men's Ice Hockey,Gold,25/11/1935,baseball/cycling/rugby
Rumen Aleksandrov,M,20,176,89,Bulgaria,BUL,1980 Summer,Summer,Moskva,Weightlifting,Weightlifting Men's Middle-Heavyweight,Silver,14/05/1999,baseball/cycling/rugby
Veniamin Veniaminovich Aleksandrov,M,22,180,81,Soviet Union,URS,1960 Winter,Winter,Squaw Valley,Ice Hockey,Ice Hockey Men's Ice Hockey,Bronze,24/05/1949,baseball/cycling/rugby
Vladimir Petrovich Aleksandrov,M,26,178,89,Soviet Union-2,URS,1984 Winter,Winter,Sarajevo,Bobsleigh,Bobsleigh Men's Two,Bronze,22/07/1967,baseball/cycling/rugby
Larisa Aleksandrova-Popova,F,19,180,83,Soviet Union,URS,1976 Summer,Summer,Montreal,Rowing,Rowing Women's Coxed Quadruple Sculls,Silver,26/03/1913,baseball/cycling/rugby
Artur Aleksanyan,M,20,190,98,Armenia,ARM,2012 Summer,Summer,London,Wrestling,Wrestling Men's Heavyweight Greco-Roman,Bronze,23/03/2001,baseball/cycling/rugby
Vasily Ivanovich Alekseyev,M,30,185,160,Soviet Union,URS,1972 Summer,Summer,Munich,Weightlifting,Weightlifting Men's Super-Heavyweight,Gold,27/01/1986,baseball/cycling/rugby
Galina Aleksandrovna Alekseyeva,F,17,157,50,Soviet Union,URS,1964 Summer,Summer,Tokyo,Diving,Diving Women's Platform,Bronze,27/05/1931,baseball/cycling/rugby
Milan Aleksi,M,26,193,96,Serbia,SRB,2012 Summer,Summer,London,Water Polo,Water Polo Men's Water Polo,Bronze,14/03/1966,baseball/cycling/rugby
Alessandra dos Santos de Oliveira,F,22,200,85,Brazil,BRA,1996 Summer,Summer,Atlanta,Basketball,Basketball Women's Basketball,Silver,23/06/1927,baseball/cycling/rugby
Hugh Vincenzo Alessandroni,M,24,0,0,United States,USA,1932 Summer,Summer,Los Angeles,Fencing,Fencing Men's Foil Team,Bronze,18/03/2009,baseball/cycling/rugby
Karl Theophil Christian Aletter,M,26,183,0,Germany,GER,1932 Summer,Summer,Los Angeles,Rowing,Rowing Men's Coxless Fours,Silver,11/10/1968,baseball/cycling/rugby
Gustav Bernhard Franck Alexander,M,26,0,0,Great Britain,GBR,1908 Summer,Summer,London,Lacrosse,Lacrosse Men's Lacrosse,Silver,06/08/2013,baseball/cycling/rugby
Lisa Alexander,F,27,172,58,Canada,CAN,1996 Summer,Summer,Atlanta,Synchronized Swimming,Synchronized Swimming Women's Team,Silver,05/12/1922,baseball/cycling/rugby
Michael O'Donel Bjarne Alexander,M,24,188,74,Great Britain,GBR,1960 Summer,Summer,Roma,Fencing,Fencing Men's epee Team,Silver,01/04/1937,baseball/cycling/rugby
Buffy-Lynne Alexander-Williams,F,23,170,69,Canada,CAN,2000 Summer,Summer,Sydney,Rowing,Rowing Women's Coxed Eights,Bronze,14/06/1922,baseball/cycling/rugby
Marc Robert Alexandre,M,24,170,73,France,FRA,1984 Summer,Summer,Los Angeles,Judo,Judo Men's Half-Lightweight,Bronze,01/02/1960,baseball/cycling/rugby
"Alexandre ""Alexandre Pato"" Rodrigues da Silva",M,18,179,71,Brazil,BRA,2008 Summer,Summer,Beijing,Football,Football Men's Football,Bronze,04/04/1924,baseball/cycling/rugby
Constantin Alexandru,M,26,157,52,Romania,ROU,1980 Summer,Summer,Moskva,Wrestling,Wrestling Men's Light-Flyweight Greco-Roman,Silver,25/06/1982,baseball/cycling/rugby
Vladimir Petrovich Aleynik,M,23,184,74,Soviet Union,URS,1976 Summer,Summer,Montreal,Diving,Diving Men's Platform,Bronze,26/03/1948,baseball/cycling/rugby
Yevgeny Vasilyevich Aleynikov,M,33,181,88,Russia,RUS,2000 Summer,Summer,Sydney,Shooting,Shooting Men's Air Rifle 10 metres,Bronze,14/10/1914,baseball/cycling/rugby
Abdoul Razak Issoufou Alfaga,M,21,207,90,Niger,NIG,2016 Summer,Summer,Rio de Janeiro,Taekwondo,Taekwondo Men's Heavyweight,Silver,15/04/1996,baseball/cycling/rugby
Lidiya Nikolayevna Alfeyeva,F,30,170,62,Soviet Union,URS,1976 Summer,Summer,Montreal,Athletics,Athletics Women's Long Jump,Bronze,15/09/1960,baseball/cycling/rugby
Alfonso Prez Muoz,M,19,178,69,Spain,ESP,1992 Summer,Summer,Barcelona,Football,Football Men's Football,Gold,14/11/1952,baseball/cycling/rugby
"Stephen Todd ""Steve"" Alford",M,19,185,74,United States,USA,1984 Summer,Summer,Los Angeles,Basketball,Basketball Men's Basketball,Gold,26/06/1905,baseball/cycling/rugby
Axel Alfredsson,M,22,0,0,Sweden,SWE,1924 Summer,Summer,Paris,Football,Football Men's Football,Bronze,02/12/1952,baseball/cycling/rugby
Hans Daniel Alfredsson,M,33,182,92,Sweden,SWE,2006 Winter,Winter,Torino,Ice Hockey,Ice Hockey Men's Ice Hockey,Gold,20/06/1940,baseball/cycling/rugby
Max Ferdinand Alfthan,M,20,0,0,Heatherbell,FIN,1912 Summer,Summer,Stockholm,Sailing,Sailing Mixed 12 metres,Bronze,29/03/1904,baseball/cycling/rugby
"Zenny ""Algodo"" de Azevedo",M,23,183,77,Brazil,BRA,1948 Summer,Summer,London,Basketball,Basketball Men's Basketball,Bronze,04/05/1975,baseball/cycling/rugby
Ulf Hkan Gran Algotsson,M,27,178,77,Sweden,SWE,1994 Winter,Winter,Lillehammer,Ice Hockey,Ice Hockey Men's Ice Hockey,Gold,20/07/1965,baseball/cycling/rugby
Sara Anneli Algotsson Ostholt,F,37,163,56,Sweden,SWE,2012 Summer,Summer,London,Equestrianism,Equestrianism Mixed Three-Day Event Individual,Silver,11/06/2014,baseball/cycling/rugby
Nasir Ali,M,25,176,69,Pakistan,PAK,1984 Summer,Summer,Los Angeles,Hockey,Hockey Men's Hockey,Gold,28/03/1940,baseball/cycling/rugby
Nia Sifaatihii Ali,F,27,170,65,United States,USA,2016 Summer,Summer,Rio de Janeiro,Athletics,Athletics Women's 100 metres Hurdles,Silver,23/04/1924,baseball/cycling/rugby
Shaukat Ali,M,30,0,0,India,IND,1928 Summer,Summer,Amsterdam,Hockey,Hockey Men's Hockey,Gold,23/04/1987,baseball/cycling/rugby
Syed Mushtaq Ali,M,22,165,61,India,IND,1964 Summer,Summer,Tokyo,Hockey,Hockey Men's Hockey,Gold,15/08/1914,baseball/cycling/rugby
mile Ali Khan,M,17,180,69,France,FRA,1920 Summer,Summer,Antwerpen,Athletics,Athletics Men's 4 x 100 metres Relay,Silver,10/11/1940,baseball/cycling/rugby
Rahim Aliabadi,M,29,158,48,Iran,IRI,1972 Summer,Summer,Munich,Wrestling,Wrestling Men's Light-Flyweight Greco-Roman,Silver,09/01/1911,baseball/cycling/rugby
Gaston Jules Louis Antoine Alibert,M,30,0,0,France,FRA,1908 Summer,Summer,London,Fencing,Fencing Men's epee Individual,Gold,21/06/1964,baseball/cycling/rugby
Sergey Gennadyevich Alifirenko,M,45,168,72,Russia,RUS,2004 Summer,Summer,Athina,Shooting,Shooting Men's Rapid-Fire Pistol 25 metres,Bronze,26/01/1928,baseball/cycling/rugby
Vladimir Aleksandrovich Alikin,M,22,0,0,Soviet Union,URS,1980 Winter,Winter,Lake Placid,Biathlon,Biathlon Men's 4 x 7.5 kilometres Relay,Gold,21/04/1960,baseball/cycling/rugby
Mirko Alilovi,M,26,200,110,Croatia,CRO,2012 Summer,Summer,London,Handball,Handball Men's Handball,Bronze,06/08/2013,baseball/cycling/rugby
Aline Pellegrino,F,22,180,71,Brazil,BRA,2004 Summer,Summer,Athina,Football,Football Women's Football,Silver,10/05/2000,baseball/cycling/rugby
Aleksey Aleksandrovich Alipov,M,32,175,80,Russia,RUS,2008 Summer,Summer,Beijing,Shooting,Shooting Men's Trap,Bronze,26/04/1916,baseball/cycling/rugby
Georgios Aliprantis,M,0,0,0,Greece,GRE,1906 Summer,Summer,Athina,Gymnastics,Gymnastics Men's Rope Climbing,Gold,18/04/1966,baseball/cycling/rugby
Alison Conte Cerutti,M,30,203,106,Brazil-1,BRA,2016 Summer,Summer,Rio de Janeiro,Beach Volleyball,Beach Volleyball Men's Beach Volleyball,Gold,22/12/1959,baseball/cycling/rugby
Deji Aliu,M,28,187,75,Nigeria,NGR,2004 Summer,Summer,Athina,Athletics,Athletics Men's 4 x 100 metres Relay,Bronze,13/05/1920,baseball/cycling/rugby
Margarita Sergeyevna Aliychuk,F,17,174,48,Russia,RUS,2008 Summer,Summer,Beijing,Rhythmic Gymnastics,Rhythmic Gymnastics Women's Group,Gold,07/10/1913,baseball/cycling/rugby
Kimia Alizadeh Zenoorin,F,18,185,57,Iran,IRI,2016 Summer,Summer,Rio de Janeiro,Taekwondo,Taekwondo Women's Featherweight,Bronze,04/01/1985,baseball/cycling/rugby
